0.8136999519919951	0.005677202159971806	0.11063775585332802	0.9647555486489048	0.1419859693178529	0.598441778348838	0.8974725686875887	0.5170146765727663	0.5394515546317915	0.18722177842311716	0.7133276350785314	0.4269996246328064	0.4704634713123065	0.454809033903262	0.8071389469772124	0.6324982581426034	0.1878442388757069	0.5413598121768106	0.2940895951042073	0.8718680868614251	0.9115587501519501	0.736848346272645	0.24361656209551652	0.6211231386650737	0.2140888270279958	0.46789653262034003	0.09660169150872677	0.869807233360718	0.16908728423055053	0.3581600120707764	0.292587517058141	0.5908588413029638	0.8335186297520069	0.5595321914848901	0.971585236348515	0.9392404539114396	0.2866071641367276	0.8301779608210297	0.5258871107629216	0.4168274669466351	0.4890930761727038	0.5562826923149364	0.5934593541485637	0.24733362553104787	0.38148927998683724	0.6992658007935594	0.25434241396732116	0.2793805354893566	0.8387245572808112	0.28867914943223094	0.6527328741950092	0.09988342910018344	0.695237887516105	0.1527320974160402	0.4258765401224677	0.29529397580805106	0.8430681720498188	0.37212393139874955	0.8945206132780027	0.05627716229783075	0.2787108571548875	0.9041268065042272	0.6233037487107178	0.526699685591714	0.6622524956348795	0.8729391652303622	0.5070828924928796	0.0031312634201405842	0.8813848283165775	0.6837935627441365	0.8796220644004369	0.22904787697848872	0.043679685913115884	0.6671239926359448	0.17416479068868918	0.27518927402497295	0.9062600658766353	0.5739810013285074	0.8309969708787939	0.022257163376056877	0.015912586084545044	0.8981164577546568	0.798171206452782	0.24828487641001795	0.3784645023176455	0.6535026348002632	0.03320471433268268	0.6399483809466587	0.68612764113376	0.36165889254618555	0.004376302531527765	0.8941594490933348	0.5893243929848246	0.04420516396580243	0.02927506240962008	0.15263233685009658	0.23496875178099663	0.34368328103498813	0.2713818658804301	0.4387538750630865	0.8987549650035954	0.23948307649513056	0.725374234945707	0.2856821613698901	0.6167016194773797	0.2672699559423154	0.9761988481406313	0.02791698125282993	0.9143679868501631	0.12175099971684067	0.771532521140499	0.8694318191711301	0.3664916398564574	0.8974331511655004	0.5812325503136448	0.5387281817257916	0.29627758936606585	0.4212668353616855	0.5294105902233608	0.7728478870938305	0.3662156901373095	0.43056712019435006	0.9442707134432275	0.5848184995170924	0.6378780193662219	0.3791836792487773	0.8807115092533981	0.2619013945710791
0.8203448502800386	0.20210174863341923	0.8589144797071567	0.1556940847290854	0.6561852637785003	0.983748454146812	0.08425177170846587	0.01052845268914726	0.8247385362792692	0.6946866327269973	0.5348048639294329	0.691948841156556	0.12094137086245338	0.9108404129082849	0.23964198609738974	0.778383857571963	0.08886171677132093	0.8591590013391869	0.3002875341117719	0.7066466454615881	0.26761075483627605	0.07842762582378904	0.5066300294189725	0.5790067996669648	0.7590194353283167	0.6411992324249097	0.9451660700771285	0.9435493233171683	0.07651621307219836	0.9431195284781158	0.6765005202162956	0.9929565823057739	0.1242565197408384	0.06991811500220257	0.5107781381189852	0.2426684423767218	0.8270719393633048	0.17154705241096802	0.9846765884027819	0.8873005238690402	0.20613033146434612	0.3412674055138182	0.06778519867572907	0.5898803524215691	0.9699876796471	0.48565676404408964	0.8970199255521869	0.4108576660688761	0.11370910762519226	0.904776986777767	0.44128671604068426	0.2883216960772149	0.6645043471267701	0.11842581236323635	0.12801687692180186	0.41550221556179556	0.3393265794597766	0.8139504839225825	0.527761274533294	0.2368136633483574	0.43825332367905734	0.2622489471745886	0.32271408769047827	0.03559684223761972	0.7871514301362736	0.281914887293477	0.4136667135470533	0.768863355395704	0.645108792586103	0.8209260317225766	0.7606968815324158	0.7797369166266648	0.07341936098902546	0.44351785056620874	0.04224984623850059	0.6585674056435569	0.25112667285985313	0.4978562262393389	0.8376147043334282	0.9544004069897822	0.047455994807576674	0.6183089362727182	0.8978915472328999	0.34534281691447277	0.6766422486421437	0.9994838166868479	0.5774302811171724	0.17211490215157532	0.5004234978794448	0.08188733593296538	0.7247876655538535	0.34176010326728246	0.8837037595216186	0.4880599340802184	0.0952167345557845	0.758703845036256	0.5471953838396972	0.1118381648212825	0.5439012429098737	0.9573688582493554	0.4174717816193808	0.2715534059397734	0.31502905719307106	0.2673112719209053	0.3015935149525375	0.9900421659050074	0.8500586587859688	0.8069862049463123	0.02293772118044335	0.0626765187775874	0.8960727467346064	0.5215408213748443	0.8318024996313268	0.3039111323342343	0.8341784544019399	0.612219563516402	0.8859008871983431	0.440246602442825	0.22674723860810464	0.4727396203670464	0.2847378782708393	0.7731860873360598	0.04080851334336988	0.5996919064423255	0.7266770804713808	0.5956505125522674	0.026949359134655126	0.482809420764197
0.22124073095656382	0.4248480526912274	0.6106365741019031	0.12392865350429039	0.3890714515323205	0.2759644046689471	0.4292714655592086	0.7396159985848385	0.9992458444058567	0.7925272813612433	0.6374039319045585	0.38359364272290686	0.6813100040557966	0.5827915344783776	0.1666742477943972	0.5243378473132788	0.2875712455859796	0.7226762431986032	0.5986564948392165	0.3973850637659081	0.8339888983247213	0.5565968644480368	0.6243505418400913	0.5831605471955207	0.7093661475458669	0.4308627923598628	0.8986180276842405	0.20635871592957555	0.925717778823842	0.1258395215863255	0.01722532486791062	0.48034697128167236	0.307460535060306	0.717609785647948	0.09647369983778709	0.991923694948788	0.875398051446029	0.4374854880766863	0.5629311259390013	0.5955023201996608	0.1622248008998699	0.4951784061872331	0.7931395781452834	0.2539650257942918	0.7648504679079337	0.5598319189189924	0.8126247966525928	0.4420332668746104	0.613554726082846	0.17128111127276602	0.1398354042530764	0.3132310567498684	0.5339511887228128	0.06333128316147096	0.09728861722863047	0.2506694180777047	0.9060617729486931	0.8718564997961932	0.0009695155024558311	0.7731786616998853	0.7928227345666408	0.9469955138371577	0.144897588526814	0.8069420808468712	0.7093525203592622	0.2776927602920376	0.052584667717046396	0.4003244392412698	0.5389977550972388	0.7548368215059859	0.41257183906000505	0.035572468346394936	0.7043957179906718	0.0734318223608793	0.0558063064155212	0.5764011684232895	0.8492484176846772	0.12280578445557166	0.2228363212704424	0.6245579880998102	0.9110691067324549	0.9410950917579193	0.9497979840105588	0.5000053142828241	0.43975347404288434	0.29982145162585727	0.032197310791226785	0.8922094914031968	0.21027184464764292	0.23418250102525318	0.34185518067523435	0.7133726166034814	0.42437066929445777	0.4407065953259359	0.7658836130625771	0.005376541896664699	0.6146744375252541	0.029423688346392085	0.9605919914525224	0.15453529007333167	0.8814972770637124	0.6684249790203854	0.8947786708069447	0.1551588344261371	0.2425965045650783	0.05824386999143072	0.8061385256861402	0.900206538073101	0.24182551366218985	0.44535663726527186	0.30687005182387406	0.4666443428154795	0.528501001776743	0.7872852408687208	0.6470106841830564	0.8841675863583485	0.5236722960375982	0.2446523772422705	0.09662256615033549	0.15964163277027987	0.09464016526355756	0.8518903551634126	0.4964673159977083	0.5250219515010809	0.5715655383923175	0.7509073293563787	0.8557682488840426	0.36760356265801286
0.11485855108400889	0.27578185281288814	0.9673741136518609	0.04711327185283487	0.09287596383277408	0.5667213325421395	0.31461428327171703	0.6158903199573444	0.3039444596196903	0.37551935836209405	0.7363807714938536	0.9596576441845873	0.9279581772064729	0.1990197803390784	0.20139168191323709	0.015803762252163067	0.9566439737981373	0.9941526849892368	0.5520483649345355	0.8683326768646078	0.35081920196143057	0.9430276829653016	0.24556875668505063	0.8367180863450832	0.6883510480107041	0.6550890460031801	0.46303980277528045	0.2836486169139758	0.629701995126502	0.9142358782134823	0.5636601230386823	0.26278012863549205	0.9861229953327467	0.49830350536274515	0.7890771549805267	0.8423699668854614	0.47681671950624216	0.20489116030823207	0.9804359940485672	0.965532693860487	0.4591055653606819	0.4422173994820189	0.6444930366582582	0.23384452349357743	0.608972134789248	0.23949873711273206	0.06503877001410396	0.24924361283920504	0.5598962702050512	0.3782625817128167	0.9861167357576194	0.6117485569870524	0.36736901743229067	0.353042391166408	0.6700289374347466	0.13554145744450552	0.9763355029686831	0.3993530109011316	0.32202851224926	0.5601600458191448	0.808230303052306	0.6465914322398881	0.18073314369862137	0.811286404192292	0.34575538358419067	0.6432372832880086	0.5131307973819177	0.7053686014564944	0.15553357505983245	0.9630100693285422	0.20493532362223144	0.6724370027346449	0.3713853127278266	0.7262940167165712	0.09646147203374933	0.2203786519324865	0.26351609328102577	0.6960829088223637	0.9007072114009711	0.529109883772319	0.4905669461588519	0.7147143706303918	0.864865604770486	0.05586547021455379	0.3528029610010526	0.3580509689167588	0.23592431975444494	0.3871783849263234	0.23563460563592586	0.258356252570053	0.008602201744180582	0.9611694400779723	0.46163766657774463	0.5282108560253992	0.043186997551868056	0.7152239933513458	0.43763041855844464	0.715596568547648	0.9504543927323302	0.1871128295600506	0.9801444047759924	0.842831771357262	0.915708354738987	0.8950448515871853	0.9821581555473252	0.4850652436287357	0.04748786362193014	0.871769490031833	0.27496118438213146	0.18413051764868382	0.8978280896908163	0.3063577430028237	0.9888104390405105	0.4130839566466318	0.6283871489452517	0.04156726378455611	0.06613319643811955	0.7607126417668434	0.9945912607179693	0.15685031875504296	0.9457307654736462	0.9200832907087082	0.9303658819452928	0.9426556310725421	0.4830845434152813	0.6456329778540355	0.9862405743348092	0.8112598690906533
0.9713437708754035	0.0959744588232252	0.5591181348315344	0.5083979489598797	0.5767680693742531	0.8321113372300158	0.7767987285928184	0.8223365642412998	0.9096821936329867	0.25588259133729574	0.5428134917747559	0.6435473541866725	0.66596998012098	0.2612025469510566	0.7573663464792095	0.7235389171167156	0.8084574420043963	0.4669703620042077	0.5927857581319681	0.20061995385195686	0.348685997603137	0.9517346856455375	0.5292626831439513	0.8131696009762956	0.5312718684506943	0.795279293911159	0.6395526556334935	0.22283134216516443	0.8284612480563516	0.6109921871366508	0.47104260733364667	0.7599220529453811	0.748702572582511	0.8041048239004664	0.3426400904642677	0.2712511713429686	0.5051501242044205	0.2806363638224816	0.7970224084639376	0.5767179222498127	0.8876505872383347	0.6300836614174179	0.6470364843352449	0.818620442392048	0.030247872670726594	0.8588117570921605	0.567600983024785	0.5877175724144683	0.05151188636504722	0.4851447706608679	0.3995350496125357	0.9132441669434783	0.5187955222725347	0.2824276307098934	0.8032999955112052	0.7805223917388822	0.017518971460471544	0.388834252377655	0.47095531892008846	0.4494472778527612	0.16607761860793369	0.2828030288504756	0.7658590568420388	0.36226121846152926	0.44964244762202576	0.5815826453706219	0.9936559568546351	0.731632551750625	0.20149137002397788	0.15925097773385244	0.18592263971649203	0.15999007517805997	0.5545396150860148	0.36858836222713676	0.32568800844908696	0.27205925517389185	0.14280223235729217	0.03757075775791241	0.045408213904741035	0.9147653647627473	0.11957820594670476	0.09554459559623751	0.5268442656621208	0.0571096759256291	0.8787446588331485	0.7242615989775485	0.270618455818191	0.02624537197720689	0.28882028402873783	0.6392595970496493	0.7303246445150244	0.7485433932230042	0.9098090834235716	0.87777640819612	0.5325184236636398	0.6978559954602358	0.9726556256466007	0.23415966349580297	0.4836844119077046	0.18749724693680858	0.626877248198906	0.645092891182516	0.21242025317370483	0.8610599057206899	0.17530495510914124	0.24524462889283682	0.6136030608671607	0.036893512535794204	0.7567490745839054	0.7656572608807133	0.6839797070968915	0.8647805500113325	0.5212860847122754	0.15254689393365428	0.3928408706105577	0.08926260630451799	0.411684976415982	0.7776628234926966	0.09324116878204103	0.620360873829774	0.8172906919001096	0.9607053094151069	0.4679257911861594	0.3060298267890429	0.031572171850836606	0.6387519936619257	0.8691412134331096	0.43758992714952727
0.4432987224728997	0.9330535173353377	0.934047985495091	0.9742451233728384	0.6582329049725831	0.6425788385304392	0.17765577068903493	0.7375285700839451	0.864164279600755	0.5600111783994375	0.2673328763661318	0.02419137920847103	0.23017872112247129	0.8954184878178408	0.5064533441292487	0.28391136244082016	0.7088829317886944	0.22331699902763746	0.08161030967445171	0.5714226368298582	0.5500149683557615	0.6500639482626892	0.09380573852050778	0.21686106093169244	0.5461305395199423	0.8864957592248203	0.7254429773350669	0.1856987217413213	0.5861104188108881	0.9087850375913549	0.44526036443823946	0.19416319260781245	0.015828983446543043	0.6623810210855826	0.5884212537752749	0.4443929720075145	0.280595166314911	0.14467913880771854	0.8120859264152744	0.23442519582091126	0.8985250850051613	0.8564035198419652	0.6311192893925721	0.4086411129939005	0.31262119773589536	0.2579926605431696	0.33472920122167427	0.7153382325066422	0.08140488514953947	0.09076775792085523	0.13404613188320036	0.5342693983813851	0.5000743828143464	0.39475341774834827	0.04571950739651309	0.7803997259569129	0.49359696176793266	0.45366475993511546	0.7175876364127369	0.10614741595175714	0.25345145731430807	0.2871334287734203	0.7967605843673691	0.3509119952158607	0.7294344322289664	0.9777503285605322	0.6658328310368593	0.5952479223228385	0.9262309629445467	0.5544263221009972	0.647089235900608	0.4945374248682448	0.6548077974267771	0.6114298136370597	0.35717285233127694	0.8816698851921488	0.37728713912759637	0.8137959590550822	0.4778683633431726	0.9441994636995243	0.24366049635554643	0.541187422338832	0.8064240454247689	0.28989640305694164	0.6473012291075314	0.4692015480301739	0.9112436932173131	0.6299778111682391	0.11574727681896035	0.8157023857804458	0.06973634860867717	0.6566274585670688	0.25862065720061667	0.36429700678245636	0.7597376065764626	0.6768887025023756	0.25871748659311333	0.9950894272168468	0.7512768673358269	0.6537489291493369	0.35943694511234314	0.14646845918268614	0.8528726822688749	0.7105459071436415	0.6340828708078307	0.25204569444199565	0.26918003613909147	0.7284981135116839	0.8721417601840714	0.4254216256706226	0.0508779660026365	0.14276735468662438	0.4639485618721202	0.5613050719258906	0.32127412975326486	0.41231311199275733	0.7965127916247675	0.1044021474018314	0.1394750050432111	0.5759322216490862	0.07156952978933273	0.7513832497446032	0.652134074438602	0.9584298334368913	0.2713649416869677	0.7643004889466831	0.781217017528994	0.1666124285901195
0.6778349732963942	0.6387925869604021	0.7640247532727819	0.35273815405689324	0.726934515701763	0.3736761111217225	0.513484899513978	0.12274396179662828	0.6801463005087932	0.7575103126389581	0.20159068942769043	0.4746825446468763	0.07057346660159802	0.42139081423537905	0.8719292847748114	0.9977103941574469	0.5535053397629267	0.04582558479653642	0.7671972255668	0.5013945241983462	0.20389312597856157	0.1531373691794432	0.06133541822302979	0.9796661477392306	0.15378772072999924	0.06222865491997709	0.24674202387662603	0.38401573288134205	0.6369863217934232	0.6798046779033207	0.9953225423122672	0.004654696753833787	0.09006516518960028	0.9560357367323107	0.8661547320817301	0.440021314358914	0.29280713364171906	0.7991840356070382	0.015340957596021276	0.8083473244783306	0.11331134622906824	0.4034955088707769	0.03338577756827421	0.8964200519370462	0.14913907398504012	0.47846716874172723	0.3395243210308614	0.8337269880659384	0.36604106238588074	0.4584887457167772	0.48588116886281874	0.31290509096116603	0.30936856972132143	0.18024394956428458	0.9270322608553897	0.25289392271289	0.6520292471611621	0.8418436854623874	0.21634958172939556	0.005932091075472545	0.6872059120158135	0.6106910519965093	0.1910568555645571	0.5853105348044477	0.12573649126576203	0.017399573657473244	0.15398826007865973	0.942240201551769	0.874135759988831	0.4783933750967687	0.7878154821253929	0.7373459953027133	0.7589942355572421	0.786162495307454	0.3778369434202208	0.32572179879654073	0.7754921703102738	0.6684001089026337	0.5369754778419368	0.6857136261132035	0.2884856271830213	0.0786512723243783	0.6615303902373404	0.822391896166716	0.719116594300296	0.2651222375464295	0.8653670327480348	0.1642247106928061	0.9503427725762948	0.7945595254093895	0.29601576356884074	0.9204170909388484	0.6647327879806583	0.8436470051526123	0.9193642884705407	0.6979406708934734	0.31456985599180787	0.11839446933911923	0.20140337656701757	0.1648298288877008	0.9927910643924625	0.027793349380740295	0.5673897703575043	0.6187342782675436	0.6677500494273658	0.8893392581255181	0.610992142009604	0.44524498760438747	0.13939502176682217	0.6644864115676995	0.7478493156960832	0.24063400159890902	0.9817440457401767	0.19254263277169825	0.7983624255163662	0.804932817930331	0.5667156257174274	0.9491879789756663	0.301787315367934	0.0880556497940832	0.8149773951917514	0.013275461990444715	0.31974638893594687	0.25113078702612746	0.5592465832328827	0.5715962425539189	0.1226788709838158	0.6270905573034357
0.17515218847173086	0.49565877384765167	0.8684469045179429	0.9630043394030946	0.3911589807144864	0.829686315059483	0.9474654351239707	0.38438573230599427	0.9568719578344986	0.9650489380461811	0.22048026995453274	0.9666459490682582	0.25875712330150313	0.2734343865218537	0.5333949593841665	0.10635406536772463	0.6225618362290745	0.16509968825061172	0.33580314447772	0.042780319540338896	0.7755012389853728	0.4422163606985978	0.11935361740893513	0.47284802019635475	0.2956010096319721	0.8331671796871726	0.8514885701525118	0.6519915862766766	0.5845336735361434	0.7664379337047763	0.25345953773265595	0.3586926701093144	0.9596731587789039	0.7297256714575281	0.6586246133326131	0.9168764416059018	0.5596778896954675	0.8710283513004758	0.3077503264897691	0.6531189401205848	0.8467157687220265	0.6826096364071994	0.17945232878211637	0.13772284482265873	0.3519451475444162	0.10525036326269621	0.5853102965247281	0.6928916197955689	0.6414078884495157	0.3654955209883465	0.30162828005803477	0.7108400055216215	0.5327478079377702	0.0411936823166269	0.6520359761847352	0.8869591138961267	0.08207068716554977	0.8783534836956143	0.6868805081348631	0.09632596999225573	0.5847260797096797	0.2671064724453296	0.9330709576760559	0.3756685279918883	0.46010843306532256	0.8971636419117808	0.8439185059869754	0.9125372239547358	0.8155477411291286	0.5558808779063402	0.40199828864730613	0.14080979396219107	0.026049694953532265	0.2849978240557933	0.3905844464039059	0.7860373716724319	0.7448306681360396	0.8542818479765532	0.1392355123645117	0.10755346973088631	0.9741440772999764	0.5749229830195612	0.8028712504570702	0.9346092794058247	0.35468989804421647	0.4527223107565421	0.35198700712674746	0.4458101844004997	0.3967186731712177	0.654595574399601	0.7051233672998924	0.26195831523584057	0.9266095541178873	0.2143505835526579	0.4620718379891411	0.0702647795898188	0.4921141243784569	0.8054924048844866	0.588571271312754	0.6213267085933089	0.657242433916951	0.4342805405757091	0.6828953548933319	0.733855610932955	0.7403681067025881	0.3030258542978439	0.4122473102445873	0.6988728824835475	0.05261015935499269	0.5358761511898756	0.2103166141602434	0.6206761396038735	0.7242793152666388	0.7295934505205296	0.6454939949643951	0.8838577035815979	0.10035119709300355	0.17764420277030157	0.5180590543997345	0.2846952013680125	0.5461681396119482	0.04320079435797275	0.10680476993190113	0.7430333117598273	0.27803514437799226	0.45270478715961204	0.8001262140621915	0.31748265928796493
0.6615343377139787	0.5566464081731322	0.6813912883473413	0.24262336822554909	0.5826167740309411	0.24676155005773204	0.8548209405832329	0.057767359352161596	0.13027316689718194	0.5616677078071355	0.5557227898525502	0.08755316049501838	0.1147497496190536	0.9012508006799897	0.9116585567937918	0.9665715413805894	0.6374939762110782	0.37505606685234505	0.5604300014255423	0.33885553158210424	0.8632521123516718	0.5049234596952323	0.2265439665818859	0.9520425986988005	0.11082781399553132	0.48735436166324875	0.36408127458890616	0.31053505677500326	0.6681695147965508	0.8258028008175842	0.08829154355382496	0.9651322443040542	0.12773845129130212	0.9947543992483305	0.8513152142739313	0.5454757203610497	0.23929918915132198	0.4538666112224091	0.9089714608321757	0.48665924895437007	0.5848869898860274	0.8623245338815883	0.6178263905979583	0.9324065352928056	0.7327027717692869	0.2259032939093636	0.10301606329884205	0.5722842426364394	0.33433072978230616	0.5010089755160344	0.17130778798251522	0.9899642284131397	0.5329267244285688	0.5420715999881834	0.3303263084988277	0.21789045575690558	0.1958435561556765	0.5597208306877204	0.6538830466157837	0.1859000803767683	0.2225410748635107	0.7653677859523911	0.8531157768188866	0.7440891014508609	0.8505350716049593	0.49538255256437447	0.5555106346723881	0.06272703487723563	0.20338971607050738	0.8958380916270083	0.2985540169730593	0.21305274352366554	0.6103584659624973	0.276430756234716	0.5403458503344407	0.19919873382079767	0.816579297178564	0.9372167581555744	0.8991055007028469	0.05677896540989935	0.3857218808279971	0.48649734421868396	0.2645205926368803	0.5051988080713516	0.34957657404966047	0.7047206160666882	0.10451136513614812	0.34951421280677275	0.7629005631214533	0.7556162977940738	0.5929790803239297	0.19065584964521587	0.6032584940244451	0.12448333353025698	0.5148536534520827	0.8292957649862552	0.39845548235913975	0.29283281906243563	0.912930354206557	0.11409085366124305	0.9151119713242557	0.5076508022062223	0.4942256751441281	0.28112990273906746	0.7806663393284511	0.37920278382901396	0.7959447956372664	0.8051432352257053	0.37422357542898577	0.03629204688841303	0.890600855416894	0.011799299186969203	0.6259309083445828	0.0799735475322716	0.34136632703628433	0.09924788351819946	0.6612486133844055	0.11628265043056651	0.17374075043305726	0.11638879715660289	0.651680978965114	0.686725594008403	0.06890054182105565	0.8984815206234877	0.8159323681815089	0.4265507997555542	0.16367688087459853	0.5432471718502535
0.6393014464285499	0.6103204801280422	0.7723289101935437	0.3131884760107462	0.33121189572141263	0.04388563181922145	0.039507309396854096	0.6075300200881899	0.092930430004587	0.6535439537382474	0.43600361920750075	0.5434817279939971	0.13301099651139336	0.11288168392680475	0.6688911297156888	0.12886640139274497	0.32102585117250515	0.030579497639262265	0.62660419716449	0.19660961985962921	0.08799177839552386	0.7948016020841709	0.9102888131828644	0.8995952699658277	0.5384233975118851	0.38911421298542004	0.22163764773071992	0.5412787823649429	0.23344324394638494	0.2788180285881141	0.16360009389597951	0.8024655883299062	0.25618826686674423	0.932209205742811	0.934748227011896	0.7474392033445144	0.9183626540456924	0.19675034470215247	0.8371294505107344	0.3403664951134815	0.36795709854593306	0.8181992092701241	0.2571601091415421	0.9142089248398648	0.24540228621518811	0.07893412820853418	0.31179454193907197	0.2206797202625721	0.7337875559882086	0.8757453873692911	0.2541243070867458	0.8705056496191967	0.707902846369239	0.6004961285377102	0.02011104898502858	0.38267404379418	0.3183886783042097	0.31649113035825993	0.5162125053545364	0.3754450654123326	0.6447878377553907	0.2826332224987964	0.7044415070962258	0.7661352524823732	0.9422711231870586	0.6648930436153473	0.6336756788131191	0.2030100388476872	0.6537067308733492	0.8906686927688917	0.08431086514858988	0.7714786377997731	0.5605169270370833	0.13556962718633803	0.1729923923540918	0.14898152110595286	0.2123520964818285	0.2872483297250129	0.506106015306857	0.7428558840102345	0.06940368286606424	0.08453699312733154	0.7686700346363972	0.9615114400493286	0.6285979718695409	0.40399882390432795	0.33889454407241815	0.36973029699979076	0.8648973152440016	0.2680418178782432	0.43982988173192317	0.4813743864045755	0.7529258906247087	0.27340455634910765	0.31595339040097226	0.19593950294847862	0.7585763875541406	0.5873731654699083	0.6554845936103204	0.3624905893569943	0.3697689612237751	0.5322768083212623	0.44880497488215687	0.053665479131769445	0.8660586534991588	0.9293048013730366	0.4107051999091701	0.5678367011446476	0.8966504050206977	0.7974437154496485	0.17877613424463723	0.8155368698181911	0.05543610781898767	0.1682732991279554	0.41298453361266674	0.4194277572895394	0.7901535768002963	0.12355450806243562	0.10334926604309469	0.4782764718518603	0.8403946649966905	0.7060674012422353	0.1904050031810458	0.4244691395783885	0.6145503194302016	0.30409632160647626	0.5334866875537594	0.6156460643112699
0.24367822088042512	0.02809668366650875	0.7001000247358626	0.13808575882527596	0.639718615163783	0.5209117434224207	0.09759068745244459	0.17152687570317393	0.9120595851620235	0.3604896411484442	0.0706189130292626	0.5972691061795348	0.3710504956570281	0.9018893209676153	0.6366557353787288	0.6940146854428455	0.49973966750230614	0.7637259962570934	0.7950403800837117	0.2277207412384018	0.7620838075277196	0.8542647864900327	0.653904824665669	0.4125134740130436	0.5190299909631436	0.6540440265228021	0.5643347647067508	0.898614417838038	0.6903183044889089	0.5002212697336009	0.9971520571723245	0.30419201158170983	0.7846148942813406	0.5335304138893646	0.6228509355770397	0.5792697141299477	0.2185179008735818	0.6751134445393727	0.4629012981018251	0.4390503916217702	0.16632907164470556	0.30121825736878194	0.5265422834754702	0.07160642334719158	0.15715506236736332	0.6052963502981642	0.8723032248519144	0.04307094292372804	0.14466315163796828	0.7694059490600379	0.09166115602610236	0.7778675545382719	0.6512266536254627	0.36172056040019573	0.7307273239802023	0.6230689955164728	0.6359509211041215	0.28022287128924606	0.8034245121542953	0.9951904135920338	0.528117583485414	0.7171139895904405	0.7291243983899175	0.636724290681711	0.01570124408706841	0.07493128240383273	0.5688684949297516	0.1661238844809193	0.392466306672674	0.7566197938333553	0.10159856656604538	0.07512392455957495	0.8098039184384989	0.651255082628949	0.42363889433867785	0.618255996922972	0.989927658071759	0.4948190204710001	0.9538635414966873	0.416127215097996	0.3490331656740061	0.7162292625838999	0.45346913600754957	0.03676189202595581	0.35529823898143376	0.4877543001236391	0.014335637035120197	0.5933052881475893	0.907360852951697	0.8485045483827506	0.26959305940378	0.7742381524923123	0.9368880219665565	0.45655386424686706	0.781145680414	0.029721901943140505	0.2057612840395523	0.9718020487576321	0.6177543395123226	0.3306065095942644	0.04341663387059991	0.5980101356803855	0.2795182824373529	0.3630945500102756	0.8301243621602006	0.6326989726205581	0.7831801781388744	0.11318232928195826	0.08068918697180127	0.1208666636709973	0.9359178183710027	0.9840477807882175	0.03899382047926636	0.6411546602915951	0.8274589860559306	0.8638037857948232	0.7075111466316442	0.38627186862900487	0.40470192009784944	0.15840860593730288	0.13974986550497392	0.17915408897825846	0.5179412825589376	0.6393557517671266	0.6190073215080588	0.012855550756167955	0.4909654450249833	0.22387033846369964
0.6485431125634564	0.02466408289561739	0.27729866157403094	0.05807927941598545	0.16934042831238627	0.41415232965677473	0.8642904389256505	0.7236431303967521	0.9123092317910103	0.9834332251948885	0.45115247709686335	0.8886718695826751	0.29227874616424443	0.8150370669197072	0.8767219319960393	0.7293193884594668	0.7501756865477912	0.2060975266948074	0.11204477684166148	0.1777223894225406	0.47950230167603525	0.1101207327624949	0.8931977454943671	0.12546216351724115	0.3973980061760638	0.2780238016591827	0.00462520284603829	0.5396792892632228	0.66074539733858	0.3655810150753367	0.054877985223432124	0.2807171563560491	0.8013026767822014	0.16108745545143555	0.3500022482291886	0.48509558606230463	0.5031872071910087	0.178613124896157	0.5145146289988368	0.5913595751870551	0.03265261846910461	0.7293726473655976	0.09375786500653227	0.4399001511788906	0.3663733443567754	0.5974776134056824	0.9238241552935864	0.3991087848744188	0.42733898061046804	0.21356555472537653	0.01628662321406893	0.3990511686456051	0.08250903382220165	0.8122875070402978	0.04072255277484105	0.691093893648848	0.31136465239955446	0.04844627361985776	0.2974978007294925	0.29997115707867017	0.07965354558461846	0.618732512286293	0.03912940928556663	0.186064073867512	0.6197917436220048	0.8092639364817127	0.6229092092283794	0.5403374474809572	0.7694819916854997	0.5961285240602792	0.6314113179892804	0.4324115433970309	0.7834140203852413	0.1310236851385581	0.7050623314486115	0.9529074622200144	0.006307259969808854	0.3803964269075457	0.5432687666853838	0.18091825841685327	0.3836433694972461	0.117669074275635	0.3008371793093836	0.8438003428568926	0.9778642778568852	0.8243740029866179	0.6814039683020662	0.06451058074413774	0.7250671786692541	0.6476326652432761	0.1332389224701448	0.5145695661229265	0.5185452005656362	0.810373010981492	0.41293029945794657	0.42539451194916866	0.4011497676418292	0.057939809513887885	0.3218468101842489	0.5297132936294889	0.4989773308367369	0.10560390635405381	0.8387646329359555	0.018247889731658806	0.2915627979468429	0.7628248533011914	0.5092623747799868	0.5564579561371277	0.6337272805374964	0.5343790072740016	0.2795073496767385	0.81218703510054	0.23705314566627556	0.3462806073609731	0.27518512770452475	0.041813675211769374	0.2585404225066873	0.705189086909654	0.6140989151650814	0.47161425337169227	0.8964205092681096	0.9219824024666001	0.10801627371406897	0.44040585720845726	0.4355048615111282	0.32155053143347745	0.7681505702885677	0.7375089801800866
0.5697468849135657	0.6337705011355211	0.14574742516684414	0.8035182781730852	0.599783069741638	0.9444630366034652	0.8290959978059126	0.33532992727528177	0.610773206601912	0.8455701797712222	0.05834173146905364	0.6534861371065162	0.6486742998172622	0.7917876902195964	0.3245931112402093	0.07644782634455682	0.6932026368829253	0.7190432872651636	0.8193796695869191	0.1427456762164273	0.4117981802685431	0.5509579230313134	0.735403831708544	0.9694332071941683	0.6400599331959601	0.3147732503717402	0.12511037500276767	0.6554097479245053	0.15411914583912256	0.47175143644290063	0.12106953446162028	0.9339672625465611	0.406870932629696	0.11545786419841342	0.16756866336141774	0.3960258924602005	0.44798372807798204	0.9476880624073676	0.8863538166703516	0.13607125684639343	0.8017194424433266	0.39753510011633175	0.5716138086678628	0.1438218875360603	0.7409126945932316	0.6690219547696825	0.42271593213149994	0.9198838363673972	0.33860128527016176	0.911211074398897	0.7200300743392609	0.5919070337350009	0.25921825719318603	0.5379469218639591	0.9401489370422413	0.8626012963674623	0.25261706092016056	0.4365290178206219	0.6215321414935213	0.23430857843787833	0.253042574830035	0.5188346791274645	0.9151740867935824	0.41761241338816424	0.17611136401983318	0.8974047685402954	0.10283114302661955	0.0776743683269957	0.9049829006603074	0.8216366110646787	0.15744589168723533	0.768977499809389	0.49418106599024403	0.9206178907495672	0.018245481795052143	0.9447982245027539	0.49585775424808753	0.5571505097086412	0.8897604152888501	0.21434968088679407	0.35042187770418687	0.48923982669735844	0.767381252717117	0.18992898532571778	0.6503288614243067	0.9669773754488261	0.5817008531692055	0.5870986832321321	0.7170334890793606	0.9625152031899493	0.396627465778002	0.16839332977294774	0.41050036859241	0.425055513257656	0.7149869982765067	0.4440941411645958	0.2551829251510802	0.6559878362783225	0.5256138159996104	0.11745280070772868	0.7765020446375248	0.008659209532787648	0.1328487671830827	0.851390262684917	0.8318610585505863	0.8777778159754329	0.7178559745021573	0.25967312315766344	0.5574509169959532	0.5444883816949911	0.10165241234525269	0.2050558352044506	0.5442620877403308	0.8489415054054011	0.1972114409435488	0.2530020495314206	0.03979398141059276	0.55475478579262	0.9406429042602749	0.8994596325610276	0.5019681323038416	0.9624859370421075	0.24512301998957686	0.582970015610742	0.37969371789340134	0.24631666349593762	0.5981087947682372	0.25698962302735306
0.7237431624775716	0.6690568147666179	0.512994801044743	0.7331079880105418	0.837567631129446	0.7133275955886557	0.766812369297188	0.5096799220062487	0.8137466036367149	0.14872438430328738	0.5453658682285272	0.44465240432887054	0.7405564778367465	0.32466894371108357	0.010840940326088844	0.35525468362011536	0.25723125794964463	0.2633239160528431	0.269660361448122	0.31543553469813435	0.8221920134561824	0.018993683037859865	0.7271181101230904	0.2767654990881844	0.7366610124324176	0.41015943553554046	0.6346443910391756	0.8427157020183574	0.2824912183813798	0.7528950642972002	0.0667950349662565	0.3775452982537655	0.4544162823433806	0.2506758489698955	0.5855801451124832	0.21182998327947766	0.4904572406474057	0.7954052482212907	0.3993152644272273	0.9523229206789187	0.7923212548248889	0.3623271919987464	0.7867767719847031	0.3956778650199443	0.09229282038383868	0.5834817048282611	0.6107485342535733	0.014486893591103112	0.86539238019649	0.14569049359308017	0.8074670342622721	0.17562388520815464	0.028646690162622446	0.45297585224055636	0.08114247912799244	0.7746522601878276	0.4345259454780538	0.020066709758085555	0.3590772881090025	0.22059838739202342	0.9894116097220881	0.26435219874208293	0.7722413161010604	0.23759738327517022	0.3532624324555015	0.2739448022546698	0.04171387782497327	0.2127212694159425	0.9079549636645762	0.5275534744546267	0.35363450172637345	0.6596423254210433	0.9719191640669806	0.0485826457409223	0.13182841945539092	0.19964719459932212	0.020215194815854987	0.7665642182047429	0.2026531179547082	0.2336936038324282	0.02378077997530359	0.2654871917509183	0.4519511599308135	0.5284014037314447	0.8425665728748101	0.7864347634324624	0.9133830631231716	0.025136068973541037	0.9977770028986486	0.25835358845512757	0.9871972995141947	0.5427099412489679	0.391393952893477	0.3848100841734968	0.533337068554608	0.02147620101662484	0.4012518502499596	0.5246303378173427	0.11039862255380761	0.9605529775961601	0.2814195889746707	0.6700064234516058	0.4418992930670739	0.5781495202463104	0.9919183844232226	0.5553840098240405	0.8045690883048425	0.636445063796259	0.11098850186919551	0.5908378833590516	0.2426284528987519	0.2137472385687612	0.991046241598008	0.3417399882607566	0.05882697556020555	0.21077869170451102	0.6402085381472863	0.5840776807586708	0.4984761934046281	0.44116733240327755	0.9818329472109997	0.8154383499697262	0.985964115088795	0.3646282762748191	0.5692927338060483	0.6719484280485855	0.7527494424415256	0.29365474752449794
0.949505960494821	0.4011834849398668	0.7315540684664872	0.2668466928459834	0.21566639233903362	0.25102468877385686	0.9893451561309842	0.9453235228993446	0.8336603758883527	0.46722268348602114	0.5420783388516053	0.9829984622382864	0.08124133781915999	0.5448064552813999	0.011020957591428737	0.9132815833416578	0.037870917224654854	0.87924335847064	0.7310571643406477	0.12461667335452986	0.5709219673461968	0.7543969466577894	0.24303862973862111	0.07502663324441006	0.95668210318362	0.16347000329226014	0.927796965025164	0.9623385154010509	0.20825630291575303	0.2661998606205541	0.18893708885528593	0.5925896873961788	0.3022440584361723	0.6031843513977961	0.5677799277256006	0.3531481452352695	0.7673390044743452	0.5801805711342136	0.458412865409243	0.17174725104371846	0.4220737194212124	0.9968122513471117	0.5763887811438557	0.7362468041997515	0.18469774584428578	0.025787216173346783	0.3861224189315292	0.05883018835685783	0.19063332420620027	0.07215231188957827	0.5088344372405579	0.3396831751712873	0.06126980852499375	0.7457216186412495	0.28811406222486247	0.8143455718008324	0.3895574890469772	0.6715714586838535	0.6007383311904662	0.44219376557633494	0.14367405687298873	0.5594749871289117	0.5838970742535303	0.3661859199048957	0.09799915790248415	0.056453423720064566	0.3127026065725381	0.738669702907343	0.9244278419656177	0.5395479011364371	0.2488186167711025	0.17818463334884949	0.10257635305775303	0.04511735874590661	0.5538856588919772	0.8862257577120901	0.12915428107404348	0.8563634881999738	0.21295845552216885	0.03752466084130357	0.10117940100336276	0.19141566381898667	0.36335489570784196	0.67267401291172	0.4769526747704752	0.6860184703370837	0.308008809474587	0.28912631628606145	0.34892945765829586	0.9903767702171589	0.9414446399607252	0.31274623155752923	0.2720615742341915	0.01619338761340161	0.27715937869764007	0.3924446845121671	0.6407903253481126	0.9746418753177719	0.8003971023314415	0.8142664104844756	0.672028028517581	0.9343031093482678	0.631911729690441	0.909462396219849	0.7861075157445296	0.5967756424217308	0.09505230448800595	0.6335827876498834	0.5291543103758736	0.3974778009689349	0.4597440541733867	0.5740036794778587	0.28273824085205446	0.7659484193903746	0.8391710143886993	0.6349360695390868	0.833539619849249	0.5520463346569106	0.6183243415454448	0.3518404645138906	0.9016719645441568	0.7773041082462281	0.9960992213139716	0.28552216944011444	0.58812740942499	0.39316570801037876	0.00605971788984927	0.8871502991546898
0.5242091299759817	0.5602336184563647	0.6308103418947762	0.9283508681589192	0.232334669434882	0.9636245474419435	0.6137123380021345	0.2843262076227062	0.18667407383440182	0.15977586964621537	0.11387939165990713	0.04211541662664786	0.7001250339696311	0.17818483735381152	0.5080402881407364	0.20128999533028746	0.7970971331300699	0.24341535826500416	0.9428450104361373	0.7775716596071374	0.26651361963293674	0.24903477442680577	0.4854394717706524	0.9193592321711304	0.35522269632051007	0.7845746870845981	0.43446031785758255	0.27571537621487363	0.3641227419218177	0.8574919272195227	0.43357249530795616	0.9020412282249937	0.5398452762984176	0.2776679062920532	0.21654471061716551	0.9659723748739176	0.8823916703574639	0.39066527590322664	0.7185444583567789	0.6391678207084336	0.6679543257519733	0.39732788896274984	0.08490460859044424	0.8559816417925745	0.35573755737198487	0.23182997500538627	0.8946405548253126	0.3056399542021466	0.2806405753192951	0.22891695039693394	0.7813245311680821	0.4076963916471845	0.20154231486068996	0.9118153832925411	0.6630410125558411	0.38264615157975956	0.6701379531947194	0.17340327071946426	0.936316415772032	0.41293720523243593	0.9273469603217702	0.9805393371407543	0.5384522301152763	0.31489536272276564	0.3452570818775843	0.5614926316842788	0.6847659500881861	0.2388230104086697	0.6522696317365112	0.31480637947633394	0.33792634519581777	0.24365070742389305	0.31210093697163155	0.1533286176856825	0.6967813737618037	0.474465478221605	0.025477845696782908	0.5079832883034662	0.7947264475602137	0.027460023556080237	0.8841091727918224	0.8864710350109322	0.7297204806163619	0.7031509043975515	0.7350757637352192	0.5449609224792097	0.022238524035450347	0.31002197323027436	0.97516072179525	0.9261756918878856	0.07414056743248443	0.9896647253612222	0.05889400397472255	0.7390356917153243	0.763085613668199	0.6942237393998584	0.3961349902503578	0.5964230854195978	0.979016763251212	0.509342976166885	0.6580600921011143	0.10196881637470434	0.8287124466013606	0.7220639317508923	0.8271116393362119	0.6394094607332199	0.4378921607954527	0.7405551170563776	0.7753896993654902	0.4216411847859193	0.595622399095881	0.9617841708256467	0.9173733758835716	0.8210483704092327	0.9923525457704557	0.14984218139804184	0.5340116160460439	0.6444060945968269	0.9023654032623406	0.17289486276752075	0.4239360189874162	0.5981906055720908	0.8582099407841256	0.7599512474061031	0.12848614795659918	0.7469363132606033	0.3819901834650392	0.9521384865552975
0.7786246067096749	0.17585900562870826	0.29540006428275445	0.2895838737845673	0.828569413073273	0.3676157423735583	0.4503235147070457	0.4189009869779705	0.9867906431113649	0.43568838397363374	0.37056546508719923	0.2976139745394557	0.9859153712205929	0.7938642816802396	0.808001780891818	0.46629378879786	0.12429395530297316	0.23649760172853007	0.6712542105644955	0.9770013176333521	0.7632041011440825	0.9655068953540339	0.2824587439850281	0.03569927649040916	0.5568895766021094	0.5261997757448187	0.13584684651183798	0.9834985298418081	0.49914869413403806	0.5152634234102511	0.5172744861593226	0.8889461709800758	0.4806472802778684	0.6298770405890063	0.39445261166948187	0.9488992840881271	0.17762652848286897	0.5331472251918852	0.7314808310811384	0.11775376196929033	0.7225708552590758	0.8564045884066673	0.5583504324555266	0.9142892496275717	0.4116676295133588	0.5421968455469816	0.3801028546818269	0.7753731385463174	0.15532663309715733	0.5368804264722389	0.11416777868215522	0.305363935979567	0.5075226451360798	0.8937477004461377	0.43263795909556824	0.07492827441180416	0.08525420079738699	0.9845344689543364	0.6943389744505116	0.5462124327185264	0.05467780445295123	0.7589147915296819	0.6849551606394852	0.8147923481932614	0.6330091383614018	0.9346257631525074	0.10862752107808149	0.01314791958201722	0.5927458098855287	0.0919187643310112	0.17773907101550646	0.09597356424415893	0.6441746170869189	0.21666982816055058	0.2903487362647351	0.9735682178578188	0.09676365928914399	0.17538413236290484	0.594983622795185	0.3699592181073472	0.6629011090968011	0.11975832425142463	0.46897160822472894	0.03316323527276954	0.09440846668247882	0.5296166456174174	0.8684172138116196	0.06142230259406045	0.9625998890502154	0.7949497008538914	0.3587645368376744	0.6466577333889294	0.7796958457872689	0.38769249388935856	0.44243537023129287	0.6700666374544012	0.13233510550613836	0.07040562183007193	0.33326930223316253	0.9051510921604066	0.5041378959794984	0.49853932837448056	0.2961602909623301	0.5033076111773463	0.7342993914871346	0.3037011946858147	0.3616567567119252	0.301086506644726	0.5348622452220583	0.8618654481487154	0.09801516050527947	0.9392717746007105	0.4263363010530572	0.3900143808541814	0.7455218925089123	0.24566624932505843	0.14492674915648773	0.16572956684510765	0.06599118383172642	0.7999213378138929	0.006784673162522958	0.720763900542988	0.4012946455486709	0.6968963530219736	0.1450257733034902	0.30154634513170786	0.3821415272251344	0.9356373516988589
0.023085657142234317	0.8141000186719838	0.6666350823579982	0.8667370288195607	0.7552404528551923	0.6777738280014596	0.0988456374302954	0.44606748835125587	0.878047329537678	0.6160863389090042	0.3393490896180694	0.5667469516446094	0.5645731891008067	0.7818944340583253	0.46545776589466703	0.5746503264063756	0.181549794541203	0.961365014503573	0.8865681280062936	0.607710156662171	0.3890638975223518	0.794901338003977	0.6827181445803341	0.19664504681124995	0.4125204218570728	0.6833924273272324	0.8680961648394901	0.39307914745291184	0.8735087414581875	0.20435079748438845	0.9688235409569728	0.9258141116846196	0.13887822254430582	0.34869570446567033	0.8871553853051248	0.9859955780486734	0.7158487801118081	0.5618426787125387	0.5022734798717525	0.6444943440072477	0.05212294614992907	0.7830887947895975	0.8147311486842845	0.8713245728083504	0.9709850844427272	0.8221082671445994	0.8923653390348045	0.5420835148309017	0.12935796275006428	0.9406071489601217	0.33206960915072326	0.12191724568148121	0.4221536429523366	0.3518500201456862	0.9057636026990515	0.14122700193501103	0.03403121554882427	0.20443049182920237	0.555673741944055	0.15138606659179565	0.1558606282278564	0.837559398754499	0.5652733508584358	0.5375143411073272	0.875394184753535	0.46893555945049215	0.03401641131416833	0.7176325139479053	0.5146755577785153	0.9995618841282812	0.4054891241748223	0.7512671740053591	0.38956693609997795	0.9796598646144202	0.13900622194004408	0.9358899870930227	0.8414126849084574	0.9586716143063972	0.3846306172842361	0.10945045355797589	0.18284627293685463	0.16153916466335805	0.7311772283337441	0.7366562122824309	0.053871782066134855	0.7706386223548588	0.9987199269319181	0.4390553262864707	0.707207801705981	0.7252232914880412	0.7054866521952365	0.5203460542112723	0.624742993096853	0.6218567898390837	0.1477610950400392	0.38486981008689347	0.3371131906257605	0.7213933766416	0.18525108523922273	0.6556716005920705	0.25231722614364926	0.4593299551630282	0.9832487081070613	0.05001269894422855	0.44604972724468717	0.7698446587674147	0.915967798072155	0.43507868854644893	0.08359374795121599	0.20329030407342874	0.747041584789058	0.8336168709344809	0.5534230341630443	0.9160009102748274	0.26928179464003377	0.8819910521759252	0.12046686783898697	0.2498525604222559	0.9019560957257918	0.2526056516135896	0.7665716055754148	0.7374842654824749	0.6925066416098441	0.856598487586613	0.8516903619887494	0.369491704236817	0.4884567966790472	0.35353972990235816
0.326376942966503	0.0006443739287759209	0.3294186083999424	0.35122895580545654	0.3105711145313974	0.5006407416323602	0.5335935812703594	0.6143950995689104	0.012969796618159335	0.5630423025477695	0.5828537251267765	0.27305706163134347	0.9715292466921838	0.37493000367639395	0.46919400385643695	0.5002297159238726	0.5755344806258442	0.18903793937180502	0.7526591437558484	0.7741995023988387	0.7825209109713904	0.9307343133400341	0.534003995957509	0.7778957056507088	0.4040339921216475	0.46125165704576054	0.09583136095058165	0.021294028383109453	0.18427400049876663	0.925208365047705	0.9257671438663142	0.5861430207962506	0.04152548082823293	0.6209323389605238	0.24215606359565445	0.5482279605563589	0.2376726768882247	0.9573215917833381	0.1768550211224008	0.44445214363906893	0.7555596575524386	0.390900626734625	0.3289165509019183	0.9912362388780622	0.5469540103835587	0.5268876818917078	0.045973291125551374	0.4589702132410567	0.8299345455788171	0.0009820172244366931	0.9702976349359591	0.5107242851509176	0.7286367050101829	0.1355131701741068	0.8696344484637131	0.5516346815107033	0.5602967248993299	0.6794344589337618	0.2877279268545154	0.5019881955555386	0.1621989393343023	0.552289490641895	0.5135124879111375	0.5383288047966194	0.08685131918604694	0.6608510565178196	0.8952711153298973	0.5595488435838857	0.1538268378692631	0.7211654072558055	0.01012939698979276	0.1862161252321748	0.2728442390329804	0.1340484742902588	0.45547484091063317	0.5125592184578506	0.35801601504224867	0.5695737473536151	0.11848881372895281	0.15848967526928104	0.6568786746705257	0.1029257891725387	0.5236503549629213	0.43880338119000606	0.619123661446305	0.22711093715907282	0.9599101111651951	0.39666681713066665	0.20991510877491948	0.8495200551343934	0.5432999953920639	0.5577616470555921	0.7285602436042543	0.12249398151074886	0.2833936011124033	0.8129667692154027	0.21446507722901798	0.7873178320403252	0.8527843518935129	0.9829924741972963	0.2317616604041267	0.9295856458726056	0.47388537073818937	0.5356019414148973	0.8555214689113775	0.40796639539482404	0.31158787701244217	0.15347465331158083	0.5597450088837528	0.32698999480720403	0.45543451000529145	0.022271046353431023	0.6954386625232692	0.8107035492658397	0.43891774285896623	0.4379025450824282	0.6211901405950455	0.1440989401597308	0.07556389120015272	0.8569469658576103	0.06978539794084238	0.22279370459101167	0.8470885025107276	0.9316031386860748	0.40721709431847786	0.8928196035423824	0.961903793766738	0.33861970679991515
0.8424895653965254	0.048771962757476084	0.15984548678831267	0.18243271865100674	0.8753846479352401	0.502477827201916	0.34863558568582753	0.8468362103671792	0.6003180944408969	0.5206929903064157	0.9177841257494521	0.03190860733087497	0.18396919927279154	0.4453140185029075	0.04364675739293611	0.8602869410700814	0.32845006836403245	0.3106302324252386	0.4810472133812319	0.9162431438946792	0.20088540870851423	0.8732189887899487	0.11777294612085631	0.25761957634507204	0.6104421119882049	0.17167528180586344	0.6108702892777242	0.9602605371368833	0.21141351641184247	0.8544086364058854	0.6834153692266937	0.34122340176068344	0.4247552155943518	0.4151705349044599	0.6474888612007782	0.760225234647519	0.41430828475187564	0.9400834035711166	0.7266448983373803	0.3933559235362325	0.45417767482244786	0.22984439499522358	0.06245203671852595	0.3962031228752073	0.10169981661270155	0.3398037558371654	0.37136088129680755	0.40044992416182235	0.12508171389657463	0.2587429360400101	0.5569847467049223	0.17426469597831273	0.15705874703917755	0.7997947396548871	0.7452610161673889	0.28631662373076083	0.572829239479009	0.2507916217559304	0.4046832428560361	0.5563438376041518	0.624168537262734	0.19093524123414163	0.7485986571859063	0.011018849456718605	0.25624126269018144	0.2920265830684572	0.7900452202818103	0.4112538501252603	0.40862480503554033	0.06062657186793863	0.6675354810263519	0.4196219815273984	0.2263409193792172	0.44908723536525796	0.8304075937866519	0.6882824194474435	0.09224317452417152	0.6072113270379917	0.23482632372243584	0.7694728386961917	0.5422208361463279	0.3679783289774645	0.6840677835533496	0.36228245160003236	0.15458144383164607	0.5106385249560624	0.14106316964600096	0.5704464935015648	0.2612383674785064	0.7715573706637243	0.5863782762220395	0.3896004607888972	0.37090938819385566	0.1696599632562279	0.6327843377889634	0.22420867777468168	0.8641278034221269	0.9569221609442947	0.423150336109126	0.8320792032481263	0.8956175641956444	0.7621313514001584	0.7083181977090198	0.683545246893901	0.7715175812958764	0.5925913350470151	0.21629308977299289	0.0348207892952096	0.8846382200368621	0.9185941587516726	0.7133700459300664	0.7081007306397922	0.7184611638394393	0.1449962629949736	0.6837850092284371	0.2986957214664333	0.5925972154392096	0.29081255076681745	0.34925028686406434	0.975337893787273	0.849904206102681	0.6948844613457303	0.7459735930161111	0.4087152229075689	0.712940583313557	0.22084455448102658	0.22595822431398904	0.8112381341153615
0.43264051761387834	0.8929215365078361	0.463530323620581	0.7427292564412943	0.2728105525952208	0.5295592849308493	0.9421529894856107	0.3247217182624639	0.35846411567733427	0.2899421583905293	0.16674972456641424	0.7618676326251174	0.3076965122492581	0.928664656546202	0.8269028724219741	0.03587844532150286	0.910031262658225	0.8883210870545132	0.2351595391682495	0.6954855824037556	0.6228007968171493	0.14523293679431293	0.7929184026144723	0.8466407277852191	0.38147704427097084	0.08572749892238585	0.42115766579973857	0.38015453571960045	0.025994891212920535	0.2780571391796651	0.7938926914884579	0.47282043141619723	0.08654745568311417	0.0013238713606492647	0.2003081715654943	0.9130567231228232	0.8391068266929619	0.765181129587927	0.7615705915367125	0.26880943644130695	0.16772304346646538	0.7667754669681028	0.7943259879338883	0.9110991505588916	0.6305063674277289	0.15572295342048847	0.6794227357727537	0.5252669166843426	0.6146413577848034	0.8142475315912989	0.9471217125654781	0.5796729157149144	0.4187359490870324	0.8069712214468738	0.9443846755329143	0.43741800305191936	0.027990330077244385	0.10818907870942962	0.3886110711777483	0.5272662107955756	0.5224981224362453	0.8118575029827594	0.9543624321997198	0.9867332377160812	0.7349335379787062	0.7250938107757445	0.5836367892578296	0.2896284075576623	0.9254039503531565	0.930050531339638	0.7993168089464062	0.43264625897717923	0.16381463029714816	0.4987824942405863	0.9554571885901517	0.4692861011832904	0.3551660669945863	0.6740599980148603	0.9196663816478936	0.8104244388660758	0.32421170998286775	0.9803444212428833	0.6903516603659601	0.1498491312223067	0.7723371399355873	0.962804161091585	0.8036091333397077	0.9240059443486194	0.10421204498794168	0.7007700067896045	0.2642183193844385	0.5258426674932031	0.039828161082627656	0.277009842735198	0.7685291729025471	0.997717130008167	0.9896026727619401	0.29097463301304194	0.604236341330634	0.7888999487101006	0.7334025115759224	0.6000458917098579	0.698527289708905	0.7280231980600756	0.0841689441651875	0.5082694349877795	0.1922758143853306	0.5641773309157104	0.840206084905345	0.9128294524517903	0.4980082417954509	0.1752769890205883	0.8910824201006554	0.06573435452475052	0.9645098953223494	0.8003750065166956	0.06781670167056797	0.5457503589580516	0.6455911296697251	0.468039980259495	0.0899418174072737	0.740965288368908	0.6511255148149148	0.7303552207062921	0.7081701754066949	0.5542546832240746	0.3630502154698507	0.32841560146792304
0.6075763042583902	0.6462710748494411	0.6761397338777348	0.5099900507696892	0.3365251725618684	0.33308723070432555	0.41573742335095665	0.3198244705332286	0.03949181715656325	0.19207756878980897	0.789970312292641	0.2684848344768669	0.07569312607684708	0.8166148941766045	0.4209157645346304	0.8370696885643764	0.264387118787753	0.4427066063334135	0.7925926466839841	0.218608092639194	0.1681160060235255	0.7743199083965792	0.1790399273247486	0.44965813067639016	0.774636713937206	0.9892690133266837	0.7957388839562916	0.9293049742751789	0.6862423279265303	0.44095786193692577	0.8081079589487977	0.42813379862832035	0.891130623873657	0.2502497155170448	0.0019141996493436952	0.05129416795008568	0.08116001368877546	0.1895573028283315	0.7262423288045495	0.013857769227791583	0.9444365296411478	0.038890494266568765	0.5877766996818411	0.7715650317711521	0.5537649564283974	0.9812291300693484	0.3649201470523661	0.4660613951661472	0.24756118975393726	0.8558531720000447	0.469280075143107	0.14283095591805994	0.1799651694238673	0.07703209080365203	0.6589623566825505	0.2729770551394022	0.7279756699163012	0.6474382511432812	0.39432324941901287	0.23024651357345094	0.5237258620881293	0.10939667405554843	0.949547318352511	0.9757217805866437	0.9312510011481546	0.9135555726169982	0.1104878205099944	0.3155841512234465	0.8493644994144003	0.8020719261777759	0.07780156004305705	0.7358449578342723	0.31475190237239026	0.8963299783611041	0.4870064326008313	0.8613087041382196	0.47387846165079583	0.3790455711720746	0.2868967260882558	0.9212499014802619	0.5958619327597539	0.9486384636389897	0.4893533699346232	0.3203799667934253	0.8170779606858972	0.8556826003001224	0.056627441799150025	0.8734689369749904	0.8263514301805398	0.5223944219273723	0.2014851021392413	0.47100128141670816	0.5584967715744434	0.9614918176806683	0.790038557331241	0.024324640380468665	0.8931445130546265	0.09680365933191759	0.6775156832598104	0.8059516750513427	0.6391831187343084	0.9773963480821167	0.37029374913563584	0.8517249656926149	0.16699187943685612	0.4301700125026664	0.6134057360262857	0.6649079778325521	0.8103916291562624	0.63014950597599	0.7228571098791009	0.13619316418807703	0.7361451968821047	0.3993705808137694	0.6981492517351336	0.8001519736250374	0.1246240660204172	0.1894684518727442	0.5771417909401633	0.8238023228808492	0.09094261006617188	0.99539622164189	0.12233384949060222	0.368610684982011	0.8731925630637616	0.6065985592253578	0.9918174328844968	0.6198561696727899
0.46319716432253066	0.6636702005535041	0.5261361445203212	0.20548031103557862	0.5601894260501871	0.9433209474030638	0.00861185483660476	0.08103048979386496	0.8727811144338874	0.4259225631057545	0.08470669518291107	0.019438125961237285	0.008186354104113946	0.9762805066086212	0.21804627241024188	0.21895764747435575	0.716249427485079	0.8214617581210252	0.9066505308900774	0.41015965893063755	0.13808615482827924	0.5937536167502495	0.28927489614630764	0.3543954096274735	0.1447212095295476	0.4624834347832706	0.4493320686120186	0.4195945315395897	0.01778008053101876	0.9999947331514956	0.1444390482740815	0.2465880478548137	0.8053131469157827	0.23694358889480172	0.28757126476144645	0.6382679101319886	0.8413353428475252	0.07999857325576865	0.690139339392344	0.5780733605911486	0.3816462424759711	0.3157209733964793	0.9450125864722738	0.43352511777158653	0.7885446923960509	0.7379403514718875	0.7383839598073434	0.2500427272180099	0.5112412272332104	0.5339106085148402	0.39497256031010186	0.7227991024085265	0.8439305296524838	0.8734090009517791	0.8742087380791113	0.8714490910077647	0.030953387077831684	0.3801700617511784	0.11619675275803332	0.5464767549227515	0.05772692929858125	0.1662338590152137	0.9918266890096514	0.05623209309150834	0.150683355839333	0.1004660119349935	0.6101091788708275	0.19145386353811555	0.4950322670589665	0.19244530772185242	0.6792929579326573	0.6610203689461622	0.22870564979304853	0.19239313724402274	0.21198457170960572	0.6616055902178984	0.5154973405134481	0.603807827541295	0.6346134992321407	0.6322624277701361	0.23139964513863676	0.3914655272175237	0.886219924181317	0.257792412523969	0.7191504226486716	0.45633259814159843	0.31441834605229413	0.8179131031672161	0.8621011560943689	0.5658623331230309	0.6589863068497561	0.8160486880505613	0.2454985234534799	0.3237611595174932	0.10133004562215875	0.6844176166861836	0.4999241667784632	0.6515406885373214	0.06419556489213007	0.26171560280783035	0.03221854461053342	0.226591509232006	0.9386525215912506	0.23375858569280572	0.18560473844389558	0.03258921071632448	0.3796316544104442	0.7559222173706706	0.8041691015390834	0.0037756744506513007	0.016018936591099098	0.3700232251498342	0.35151816836690897	0.6026572673628453	0.7760610079716262	0.24950354045390133	0.7802609223614096	0.7791475941905317	0.6794034052277623	0.4506393977696377	0.41360250738479754	0.5984666897739412	0.27231649190696106	0.41556899839375017	0.44068950946547525	0.23792466216910835	0.4172103034418626	0.17438456807854252
0.13013662581992147	0.26599280356667154	0.0763741669595408	0.6363736293681557	0.6955272993385521	0.4146949224444396	0.11865344620375384	0.5849595416605944	0.8294796662611854	0.9937447778449728	0.7343281926459697	0.7336344771509135	0.8116011602069828	0.45168273570083806	0.14032610139842117	0.9382720910525024	0.7216073653224592	0.5001430947772307	0.5365962315090449	0.2245312472768929	0.6202985504022231	0.4890997723713155	0.9070780029598839	0.28992756097017147	0.027060192613814094	0.6314264849554081	0.7580999197912771	0.20949532237754442	0.37817988669579117	0.9992501265486664	0.9731462778034297	0.69910520094541	0.9662823790949988	0.8322537584509521	0.819192723459934	0.27541310206090697	0.822680928822386	0.9211049719706951	0.29393997324678267	0.7045719428416904	0.39940925347231404	0.2594094495446104	0.08865981113558541	0.40957999065138573	0.5784926060284257	0.9137562089407033	0.0021240440103053038	0.38983521808570254	0.6611742062580599	0.316662864284606	0.26815431476600327	0.3965545165006621	0.7972981788670563	0.39966457364983166	0.9947530818997764	0.7735559610436995	0.8060919112771984	0.8639515982530057	0.2594350112935464	0.037373763508185	0.8305415046455582	0.2810222565660394	0.9685757824103131	0.4209950151626085	0.6766183502285297	0.7129649001266831	0.1452515440069908	0.9188037451171521	0.10335120048838797	0.9239660661331053	0.9442782708116115	0.9622992033121691	0.20023447313937015	0.05032252800336312	0.35360759356627003	0.8522870466857092	0.8031279736354449	0.27964814640708824	0.15148105895344188	0.05489223250419062	0.15229405886300584	0.09396852229671993	0.2918448209055329	0.6695006344756306	0.13730890313171362	0.2779872142066928	0.6559078045253205	0.646388722690461	0.6066344490310243	0.29408613232482883	0.37791510832116915	0.5719219716826145	0.40547584154412497	0.5460495058411715	0.6993188972449419	0.9265455741398102	0.40626782692951546	0.010875699419811258	0.5974600265409387	0.740732276991666	0.6628857228795181	0.1518467716544073	0.821114440710435	0.7403657015691534	0.7327144068132055	0.19809395449806877	0.7254403649471253	0.15859561393572819	0.07820356716598376	0.5465193035280901	0.570155471002606	0.08537325708178845	0.3453059881735502	0.4335376470381572	0.3828145837252209	0.1369236368836736	0.1770272319049675	0.3574108345204734	0.598817201461968	0.1689533965885397	0.5381184181648031	0.47925624649497856	0.7455533868492568	0.836753799836446	0.17728862042532867	0.965924965742714	0.013998517836815605	0.9823086606533582
0.5733633589574395	0.08991431619213519	0.27902766959146996	0.10350763609059976	0.9800641138177981	0.7177995492720352	0.9726157440096526	0.32585312432622426	0.8239567435469439	0.5778697894011575	0.2071657648305778	0.575792327299322	0.32598377980705195	0.4273260565457194	0.37137266667016255	0.13719285579216112	0.19355757825710673	0.3268571204619417	0.7778914986813255	0.9307965706027683	0.765762983445101	0.38544811123546907	0.7784061981246035	0.8980275868355652	0.9292738703180163	0.4966464614068139	0.25090170804785583	0.5024725685577915	0.6516990639568301	0.22601685578782005	0.6393895532532784	0.059837289035284624	0.35409017817529087	0.8328686254161762	0.21588204145876544	0.0990360340249552	0.40201490338690615	0.3904563289092564	0.42902393046627085	0.6886656041378423	0.09805646166650961	0.6073551267540146	0.008928394975454501	0.29985583693765727	0.7586639482108996	0.37128124583314814	0.758844987423137	0.7946010411844286	0.33790331721722566	0.501298621056239	0.04278794712473377	0.9146133439920024	0.8565433063255203	0.016201219992914906	0.951733817460628	0.3415654032915454	0.7351083557492728	0.5800547202289765	0.5313049827481199	0.6654187187125862	0.09080364204745195	0.72037758008444	0.19398083379309505	0.02884020831504097	0.15809075627855296	0.4997484798026792	0.8641559816893987	0.15741923150814996	0.20860892086278482	0.7964824802726777	0.3586376017096069	0.8321595251896099	0.15879171699592742	0.4236913626564365	0.9737869584875378	0.9022983788906116	0.5582133695371025	0.06540696210175789	0.4757047242602275	0.5069087014818573	0.2668236525637192	0.7788514907216506	0.0933800637842741	0.4084028303308114	0.37935766683161565	0.016544462841944663	0.7388481890962071	0.2262397512002463	0.8782907794223569	0.9792981602676648	0.6812116015406238	0.9887016099132784	0.7005958066532519	0.4664473345488579	0.7130966314350301	0.7809171879223319	0.3554558143528608	0.12436594952657543	0.4660681199875123	0.8813367169015864	0.4269711570643586	0.07880565355267288	0.29548154913891367	0.2168260117144417	0.7584676649269116	0.7027813657511494	0.9252856865864367	0.08418588848218467	0.5526887557546577	0.5318364971130076	0.7039068697502356	0.43743648856012673	0.2824532453051136	0.9023359192015314	0.36079111437284284	0.796683887367849	0.6378815464491052	0.7641066538913026	0.564982525050125	0.3693590924468694	0.5806527276892666	0.97282417577354	0.021554076171024894	0.9900249183527878	0.4418782340675286	0.503328667289099	0.2184820529271463	0.8582973631918405
0.9585229974851467	0.6028490862249903	0.05689095114336595	0.37879298970162856	0.15554831178121598	0.06828767176880812	0.38295174453947	0.07150315117228534	0.42492905631063094	0.2772502258643592	0.3757023426028676	0.2597391244088745	0.6596060370987605	0.33005679015101197	0.6679763342302323	0.5863593966716193	0.8691756660931235	0.4898594275036303	0.8028989752114052	0.7974289835848779	0.4452814454838764	0.34597862058423834	0.21557088842967176	0.3520644069037868	0.4666516503682032	0.2873144272900262	0.7311742086857476	0.5953706946917063	0.20471755369901123	0.2131612774139604	0.15336104855618893	0.3769441032693257	0.35372110680055735	0.47700187482396217	0.04252774950921878	0.07459554792655176	0.117443660524709	0.40418498365685085	0.2753408180077336	0.004022868257667067	0.5333024282326311	0.9260318957585597	0.436685855341724	0.2741336686204584	0.37734616503668816	0.8332165155799774	0.22841913706589245	0.18068349621495194	0.00023642124294920297	0.4982933695861952	0.9607367001998443	0.5344935380947736	0.6452346992911138	0.32875624114012003	0.4890278181730693	0.8148670203306569	0.7917458729927823	0.9407804948702227	0.016819601400947515	0.76898568908147	0.4965437897921773	0.8869313349977581	0.11857467550371381	0.037367336049130784	0.8371092600174586	0.4583899856983342	0.8029624241662044	0.00466968182803551	0.011172456937003972	0.17421085909211953	0.776906520264369	0.8713619734136815	0.13874895675318355	0.9092886001828145	0.720457919174504	0.5462296591035052	0.4777199164416116	0.7981322421086664	0.2287469122374891	0.9864496411069558	0.377850801162551	0.8220515925101708	0.8143113088396227	0.023677183395716894	0.9502220430658683	0.5248288123132693	0.1327569884067461	0.5173204487549499	0.016683972402298908	0.5393399802868364	0.6016579988659131	0.3522366966093913	0.8988895786739423	0.16516797765915148	0.8729492838205143	0.7992027613697626	0.4620366622335168	0.1978790969318709	0.47989590678125504	0.09289198486864458	0.036424116409898843	0.938876503056439	0.47233163372958975	0.32260619055604267	0.479583423735932	0.3048662997792061	0.9195267705878282	0.8088174108150306	0.6309113899361445	0.6422886563516668	0.25113411880819836	0.003668625006520987	0.9567454859898308	0.4016779244112355	0.37633424775056645	0.9310605161972719	0.2549158802859357	0.7311440527594616	0.46942680676550896	0.6406419240937843	0.28439476611172776	0.8025114569212783	0.42231813468985535	0.6414763353885513	0.5194081465450051	0.514682593098521	0.9130140357157186	0.9022219675803838
0.45744199129561736	0.9773837626210687	0.3561183686098597	0.8523656059969459	0.4417303818122439	0.879696881933365	0.40034139026376026	0.9910951183780465	0.9507427493076718	0.24652793518895555	0.5878222391442769	0.9632062696679323	0.14253579252956516	0.9085506472392894	0.7343367448517449	0.11371518995464025	0.8162037234161378	0.01777837035084806	0.9040772013853883	0.3573941104866014	0.06002577121668229	0.38846403495816995	0.24415058876815598	0.5772641886793809	0.7840923466373283	0.008847277117899788	0.5755024239540453	0.11597067675323092	0.37564764858489286	0.030052100237933033	0.37074965972465357	0.3282380998123965	0.48798147727005114	0.31438853634583874	0.2572044673676105	0.3196403241292066	0.7722613479838821	0.9521168630798655	0.4196289522870782	0.9718051849177358	0.2716415917661146	0.6732865274010714	0.48884746272597546	0.4962873318027162	0.38352649892935775	0.3937854642443993	0.6176396735837747	0.29437242346557346	0.9213607695458121	0.08930496222921191	0.4721371095113668	0.7002144259044604	0.3650755159613642	0.1684401780074124	0.24104023925637075	0.24388465490172273	0.670316635300986	0.5956325693494867	0.006293678442945816	0.8586985282877101	0.08863816427742066	0.5513188840482461	0.10031700957258027	0.7512423750008211	0.5498811980973689	0.11738457079572784	0.11013929975153314	0.8756642692621248	0.609699492830854	0.8309526752854168	0.8605366167369785	0.4322095030806018	0.2652887719325979	0.36109595383985293	0.7068425771686451	0.5175787119793219	0.6818656322500736	0.5951639262350459	0.16297518088284146	0.918584671306306	0.05722481842575311	0.7229275354992153	0.330779519821337	0.5980358082020454	0.8547718798250297	0.876573044066218	0.987584333155352	0.6871234523637226	0.5234541810671817	0.9597114904313597	0.6777217083024782	0.7913179901169692	0.9949774208108969	0.03489854399982284	0.7030863727978177	0.07729648817137957	0.2357303721682168	0.26215083736641953	0.466986472714809	0.2667644372968928	0.07319552189699796	0.005959154423399671	0.5888154157956573	0.5813519724206676	0.388753554679376	0.4716663653134613	0.8495019028322445	0.1557084611422277	0.6681895555183114	0.3231645078065889	0.3187855799144602	0.4093983987849389	0.4900746299912523	0.047518333657059486	0.9965078833451791	0.09125530138346682	0.6284387513435437	0.5549242448876811	0.6918148639958249	0.07741332081791552	0.38075033261828883	0.37713546584648283	0.34472697421947895	0.4648216760757272	0.03604138218059705	0.057578655845746396	0.8715797642673296	0.6065159574200072
0.42499771405903874	0.5290643104980907	0.9340058415907692	0.5835186390682494	0.5583951734848108	0.3138604285340102	0.683245334980593	0.7072897006669961	0.18820149116879958	0.007887480356026932	0.30819374898028995	0.6970494117277489	0.11485564205858934	0.17919596760657086	0.02967459380030435	0.7192606627498582	0.974337013446216	0.06450264437592113	0.4929881412128604	0.28081699604914667	0.49943936776667985	0.8075811499920059	0.28257153532440893	0.9431402130142436	0.34087406327481506	0.9687971615478859	0.1678685602094151	0.7954450082814767	0.8124515860800977	0.6277242092340787	0.8206840026165608	0.7289000749407624	0.15912779182334558	0.8880576723157335	0.41414603482481116	0.6008603208491716	0.9666790359036611	0.9676229202030712	0.9307514062673731	0.2102823498245192	0.016931614404964046	0.5989284174143968	0.5574759705886325	0.16731778109017426	0.6702557428643152	0.2231041555540011	0.8947025562627865	0.4065601904013888	0.9988087558750083	0.0042990033012435536	0.9024197028491975	0.6323413876501268	0.4504136800813937	0.6073363840391519	0.5126068963252203	0.0047361464895812055	0.5108127512627137	0.017294463351493983	0.7812573629935543	0.028066409784329394	0.08838377622020721	0.7008565067212584	0.6732085006054713	0.2695711195992687	0.36268940648519143	0.8967596286062165	0.3825130322444815	0.47219626700392625	0.5745331291837965	0.8450535619019641	0.40710691684004285	0.6539123766811236	0.3654336694405482	0.4015724949144114	0.8517358277380225	0.12953976696963465	0.4858805975829906	0.01202878729938972	0.18384016869886788	0.7491416003189779	0.8774038117070545	0.14650860278331101	0.011125209270684056	0.12559410836150176	0.49152347061762525	0.5187718958495046	0.5131686975106736	0.8516447909357305	0.0996826886261778	0.8282750511161437	0.7506032765906943	0.09620825967789814	0.4848062085387105	0.24755784932331815	0.6808924133791713	0.7989143700825162	0.9950453357552679	0.6678654908883198	0.5966117113219715	0.05864195421576257	0.5481808420914043	0.992536819271776	0.4228904699146713	0.790426428570122	0.03188321969088581	0.21283923377453762	0.3747239897994601	0.6448089598628862	0.5969037330043484	0.9464305222666539	0.39170926331258926	0.6978983806229122	0.2765076639808942	0.10482431903745681	0.4708767314034624	0.037403140431943926	0.6569325197363787	0.2920436997267416	0.12570728748867477	0.46348518774901915	0.2700613833372234	0.1174778330560039	0.03878009877519972	0.7240237282130495	0.7961307362393786	0.7431398337877041	0.9583591897931788	0.4397005090351015
0.06962962595622713	0.6410616739810621	0.8081303405805517	0.34676680017908834	0.11945293542582214	0.022013278429523497	0.4289063089595404	0.702422825649822	0.7760640147555424	0.5051511712269852	0.9582213507386725	0.6435225694664746	0.28337562567736774	0.28218182366059985	0.34565816812820016	0.45053521309086697	0.5225915667878513	0.9740268954860299	0.6140420750662062	0.36517535505809406	0.9044522359955677	0.9325127372847882	0.047051488830640587	0.018954839011363744	0.3351707944382183	0.23176677378114596	0.3849028408251607	0.4226529187156328	0.7722251621549698	0.843507498246352	0.567172820535442	0.6291225900221273	0.7669034808556864	0.6846684285249596	0.47703093978808775	0.14241079243078358	0.01176818833372495	0.4986162669340629	0.9099186657723609	0.39851345599873944	0.3068673431320872	0.6158239684036948	0.600646492692178	0.3180071274777404	0.14796080200792805	0.18404665493433903	0.8142830808001286	0.5112539654139148	0.32311488733731886	0.22482570919920897	0.7415450705664248	0.25283051970497805	0.6139424083932463	0.04796153880902121	0.4141843233718615	0.7016365343079642	0.8466714155240452	0.7511532906355197	0.968152727203165	0.9130744049558509	0.14708713690053654	0.021783627442464204	0.1333197999104968	0.016472242684017258	0.7901173293765789	0.723764987018508	0.6883480147785056	0.7359978626291745	0.9250431154668743	0.7630494160710869	0.8425549172485839	0.6022309215922594	0.5045159157291689	0.7861110325300931	0.07886577605938982	0.7595709203471512	0.15650993471072783	0.5903170575272478	0.5205530372563258	0.9993164949969213	0.0430571216944986	0.16655203356407955	0.11075433180518701	0.028606392437180883	0.346976510971311	0.3050643020410452	0.22000497562312293	0.4667839715206302	0.34035363541780395	0.5605213389644143	0.17713418221314847	0.5634640485981974	0.3601921134851376	0.6123675852966638	0.49389034369810336	0.0360554211042462	0.3541334768680292	0.7369690054212579	0.20921370442333886	0.7135042895656413	0.9965906661825297	0.09546581516476238	0.5475436229860262	0.905440378339189	0.9861487263390175	0.1795492917853584	0.44074429777967083	0.9713581073680344	0.13652823155515936	0.29117003891518545	0.5913918239985785	0.9146911091791995	0.4702068963060074	0.035715081242417956	0.12228870269954806	0.5974407243211419	0.17876145837517698	0.6442910899312755	0.9109837573558629	0.19436103554081596	0.7299460201209308	0.9074267779684911	0.8067395439581183	0.7106372957371322	0.9900023667611509	0.7817008643214581	0.0724057566208185	0.7187377191515114
0.18187721371185617	0.5744918210611	0.6665743781092108	0.8754982063786573	0.5738340359124454	0.42382877733634083	0.004865200822270821	0.8161617383953438	0.3829857267840362	0.6346814675535912	0.548838577351576	0.8858756602134072	0.0814812122129267	0.9456968446290013	0.542936477048991	0.9930771725833724	0.7397232843650828	0.1278201957234445	0.7997588672722787	0.6946665026853409	0.12500769086301422	0.44626194813202835	0.7796858607749486	0.07734450893403699	0.6948282202126181	0.003849645627544973	0.49872138472146554	0.37135076717891147	0.5764047737637267	0.46467822789118185	0.5624199710081468	0.6571745901749586	0.41191748693120844	0.08012167870798192	0.9147184438305875	0.0555332585440973	0.2045072225373673	0.34155641829200556	0.7228249621826668	0.6604353631042765	0.28358900211954663	0.01720142460627172	0.888133046255811	0.1636161041105565	0.3142433309204721	0.3400811533213406	0.16986157247450118	0.25312556486774396	0.8012636971564999	0.44681408500386777	0.4296833084385999	0.09645407462601441	0.5821940292650146	0.6123439120830899	0.8946386157658861	0.2334340227375159	0.7189167416248432	0.7081224158099209	0.6732318406610193	0.3957758632562606	0.7470233567965693	0.39445499174938115	0.5292288385753477	0.1064248225936052	0.4616016518108159	0.8638662380953885	0.6354317403944144	0.03277714638613716	0.4882205172126953	0.1272269456548224	0.1382691780540085	0.7286565531183193	0.9637891637469658	0.35052480599222624	0.7817917609136806	0.3400373221822547	0.5304154851663949	0.20508657323334423	0.1865620416677648	0.06377415902507977	0.7983246397525383	0.035229252380842846	0.4722343344900297	0.8943580635923778	0.8194773831917948	0.5051865259197785	0.18874254572843296	0.5962195914491819	0.4841749131299644	0.3463006602484229	0.020247170516505153	0.060534627190917845	0.3937809423923342	0.1900211449974899	0.4337018849949932	0.9452708700686775	0.538756182004948	0.5731543178771149	0.1768059741187652	0.2779484049406016	0.7925847845626202	0.8276305550174057	0.6779149696071346	0.9155227635774694	0.9297527290388947	0.32172647921120834	0.664457474914294	0.8721402820495896	0.24034007589579098	0.6646153055161282	0.9646635879426209	0.2992999134380393	0.5956402011711149	0.4513708358616929	0.47066481593038756	0.07554933017371634	0.5138529777548405	0.5524147996790097	0.12441860701358032	0.862395234309351	0.023005863856390807	0.6445602504773067	0.7374658024278226	0.22614982995150135	0.982419290113413	0.6938365287473955	0.1506168230523035	0.22464341861707093
0.6270347834180693	0.9191149930940598	0.13840963826023323	0.8805192132006546	0.5445423818032306	0.9317993728322835	0.11042729974742638	0.6690650903836802	0.8491726450944861	0.4132404157407761	0.4827183680568754	0.4236383864055002	0.639847005258093	0.6266675586556447	0.7911388592074688	0.49299760054238184	0.8911003717236432	0.44872602008023144	0.002515748090290315	0.6130065439757857	0.4174049857372999	0.43949421335505434	0.8669255808197841	0.9816421269147113	0.8066272452620621	0.7174176499415903	0.03190104212952116	0.15113044407951504	0.19593965161772064	0.35392926861908014	0.8391720523037441	0.22889796271953633	0.00018370756398700117	0.8102218714618197	0.29269291766653993	0.3136347427084939	0.7208935066487345	0.7790397576637174	0.8811192455710174	0.9214568470909823	0.6726496655731309	0.08199705341151464	0.041597811431897114	0.25422709524098375	0.0024008443453061856	0.23496861348256748	0.4962072776653127	0.5434391143743931	0.8006300088155401	0.4019493315150624	0.4744844427026066	0.20391147109803864	0.21212370328874652	0.25249732892844867	0.8706393789475203	0.9687845384988348	0.39052843133438375	0.17048318404329732	0.3693592261410753	0.8437878854158796	0.2884822542197336	0.38034282352305326	0.163454494668686	0.3288946323697949	0.4550454538918659	0.8511325254132277	0.9207987564801722	0.41194925785170655	0.7078794142778876	0.41572608539984546	0.26474930391589535	0.8102306857324417	0.731823825585438	0.6404763063382781	0.7986902167593688	0.024225580641577538	0.3294600658903477	0.6758080973960092	0.5936253785781581	0.27348887693070234	0.6446173769420058	0.820170130965994	0.32503823237011087	0.3810192785946537	0.5974840569243205	0.3320725304221105	0.7963256407517694	0.14428296081620506	0.883067633995549	0.8498446537231078	0.041364071165787	0.443127780473099	0.3791455658610551	0.985102809640296	0.5200854131760345	0.5407464559129467	0.6341722764129436	0.7856445859902887	0.7575504059221289	0.9786450133312543	0.7821414115853296	0.8440672866787696	0.1227240768804202	0.8631668862312708	0.2522100242352474	0.620498159662661	0.5662554970249489	0.5569245943052622	0.6351834971820276	0.7264860178548109	0.4563078010862839	0.9788508357965147	0.14705900580368847	0.7875486368116068	0.9376981986711779	0.4858960960812526	0.8839850772338746	0.9171349414860039	0.7429573161265358	0.037218554989159935	0.7210122988602621	0.5378131372273313	0.6735164504050535	0.49674454142437263	0.7735148398437278	0.3862669520872344	0.0594379776290761	0.5530127705405764
0.41813271634347404	0.9535016170921076	0.6358695721009544	0.9695152430798251	0.6071112790415154	0.8025250290795615	0.911895172916004	0.5262137148531751	0.46043140141161054	0.14629580061113057	0.859750731829995	0.800894271012743	0.1533740837932288	0.35513813371485226	0.030073495876468015	0.29130251460898926	0.6529437656771675	0.21537467343601324	0.0719473101027921	0.10936916336963942	0.006702542491247576	0.2685437573248707	0.5461087348003527	0.8469652179707704	0.39371899438686986	0.3763258780461133	0.8198982070825614	0.5689625918033693	0.15181271408905261	0.7686093713956009	0.11537103489465728	0.10521717137091646	0.5222931453426515	0.6625016064400897	0.9951749057631195	0.8897034739463135	0.5118627150125685	0.9777009800328077	0.0694510260233534	0.6714684141672577	0.534226627991835	0.5403591604344175	0.6123928847655566	0.5602960125983072	0.05805906654902837	0.6291592521456237	0.5400238965628842	0.07863969701973217	0.5048955763567655	0.7116873580728443	0.20476757014101465	0.6097535025405929	0.20208145136808597	0.8745639638732122	0.3247531978724447	0.7942995880184142	0.1666821903776199	0.5651733185021084	0.619848070694072	0.3716979702350096	0.8618652761962274	0.789743629473937	0.8256269132731725	0.37503910003744045	0.27474704406987216	0.35506791561724604	0.01544254803007894	0.5907248467807864	0.4256647716676889	0.39651465329070346	0.3545139452585052	0.9584045432156402	0.6585300694085188	0.6591504020144385	0.5011904474297294	0.267678813852966	0.9617696792350421	0.4133243202124265	0.9721779644605247	0.8384617044215673	0.8561472929952377	0.9572696880343952	0.2579045980580599	0.9711080033479036	0.9075089001182332	0.8400416479126915	0.24526564944623674	0.6342585440500497	0.25166991378413184	0.7550463421784352	0.14943608556979926	0.5402237771434854	0.6963047234873517	0.5948933237582629	0.7051474763870765	0.17542718726935247	0.450182291626116	0.22226125113087902	0.029072671232298064	0.6386457262622304	0.23504269650211718	0.21676075682729912	0.9527001212705831	0.6038338782462866	0.4013923659025783	0.8153618124338514	0.7608667803249999	0.38307963193672545	0.1513575523566416	0.11864216983743192	0.8330350089586277	0.02145953967718439	0.4033623240756844	0.6722266086512314	0.1552933633235667	0.5450267219642166	0.42631904349784244	0.8635022888479283	0.5378456437464434	0.3593964672210773	0.18494911629253774	0.5402020829122431	0.8365254374692813	0.9630210627200738	0.5749523863708118	0.13811596835180218	0.6111568071805602	0.7128855325211211
0.10141051761990161	0.872964941585463	0.8061267278704218	0.21884975220616887	0.2006332011425469	0.6258082497356541	0.4903663488080763	0.06155392179416275	0.3024300774795905	0.30359581146234094	0.6982135152510162	0.2952852967581453	0.7007270738287023	0.7737352197727119	0.9467960897188046	0.4043424235256031	0.35090733390880613	0.015292809636160531	0.19542036479053804	0.3197399576589931	0.9003309779215515	0.5725110604609552	0.8410332999417749	0.42368707071414013	0.15536702586973516	0.1714994826170294	0.32294769634680764	0.1614017386004457	0.18488478821773646	0.5471372988856582	0.6265363634647908	0.8028101091353357	0.5144983929534463	0.09788515962076483	0.12842073293443879	0.5805768279990476	0.7517909701711203	0.42810892677896506	0.019070422764556172	0.07661999699406064	0.7733556448728541	0.7864220295763944	0.08968580916498436	0.5650142314024488	0.09801707881973787	0.4892702110059729	0.25571220843179954	0.4786140868257218	0.46005575622269723	0.4565836412669406	0.4752575135146443	0.10786657799179555	0.5508296101456267	0.010268168643199793	0.14045128323122402	0.6575271846257901	0.9680257392519245	0.03752265184446335	0.43675027881325157	0.9478359191210812	0.0819947141099604	0.39544398524113944	0.6868440926993097	0.9453116768555939	0.14711355195310571	0.3433782744649796	0.9705803906030974	0.48678191396312487	0.2297243959188936	0.860123845932662	0.21811029888108857	0.6595695726884009	0.6364399680594156	0.7916107385708163	0.11457017587380469	0.714091506924512	0.9313673103381493	0.5782189001109155	0.7507158441313944	0.22934501949155928	0.22419365176220707	0.9457827110805305	0.8242284766761889	0.17966111158985	0.4535909788503756	0.19122312410759057	0.02030178841154273	0.4857120771181548	0.09407893572533876	0.05020497420997272	0.4856858978427081	0.6299043852292048	0.26813418501359576	0.9823011463316047	0.32622883828572935	0.007560570289594004	0.09693566977274881	0.04694124555596291	0.6811171500147901	0.13645589832064842	0.711240991533533	0.9141329854664904	0.03870735919414536	0.7079474327904149	0.11473329477254879	0.7865283966059738	0.17525314105546452	0.9844700191565993	0.21554031513797167	0.3153365457916081	0.7779254919753572	0.29810010897111583	0.9395723637783812	0.04656729015927319	0.44750060754016563	0.1600056256794381	0.37554890164177857	0.7862644764013835	0.3983791304698854	0.2533812122112846	0.624619019112279	0.44730797992042215	0.9612892840672386	0.8892122354867482	0.6222389802218594	0.671269213280129	0.24142797700209284	0.40266523483437433
0.09632116397582036	0.9578310728985545	0.9389607125803949	0.4720823010170708	0.7517461850504559	0.04452690459627995	0.4750428231590933	0.6559610382411625	0.5117420018255066	0.6242120430964754	0.1387269077703598	0.6798280638361731	0.08956150487491932	0.9279219823709127	0.8751833408411394	0.519629576843971	0.5035873582464803	0.8974303325094085	0.46078434320239303	0.11014776091220047	0.09248844054312089	0.8260059196253885	0.7882877770481072	0.7557874605189336	0.04405498195803892	0.61812294457306	0.22197556443401978	0.9974622983037424	0.08592962457023923	0.020375910251182905	0.5057001953038848	0.4844623435567247	0.39316183731136234	0.9989191537843898	0.8041357849211357	0.932223016474269	0.1893572124218209	0.9851655557037183	0.35048449617992117	0.47590698494354966	0.6505005391844095	0.14476505465139566	0.7961442467702424	0.13459364938315177	0.8248704616097908	0.06531836672487645	0.39018872702114293	0.039157793241592964	0.6170020004051928	0.9484035385718581	0.4361540159043812	0.5991027509514163	0.1945208186320453	0.5613566632025221	0.34803900047045355	0.6401777513886301	0.3825102475332527	0.6380798374204671	0.26943443045489535	0.3826924990708992	0.15996982131369897	0.36716170509066337	0.26863312774377357	0.6313697393487259	0.648181889931149	0.02415758906698051	0.16017774990474287	0.2771403404150079	0.010611314607199995	0.7106778424263323	0.8198318887805148	0.7063696431622041	0.3933447944895043	0.5711869870351998	0.5148134284291025	0.625009923396925	0.5784953411637603	0.9583324348811313	0.6803327423743418	0.07840453150680937	0.5415223284464702	0.7282083470223367	0.01485908173746342	0.7246975525839106	0.7168698038289267	0.8833021460527584	0.28941900452332303	0.6616028412570798	0.4009624309154325	0.8701472213928899	0.9314527618097983	0.5292710571796546	0.4514406778787886	0.8984721453092065	0.6279122085041371	0.05608988124686154	0.5313381603604045	0.7012447108686498	0.8747331111760753	0.10023196612916396	0.04117598321777738	0.9050309083168202	0.837025989179355	0.9964926644008094	0.0969364642109376	0.88034991535392	0.1469953155511603	0.647976560053252	0.46796047030594956	0.8677267431369898	0.4855325127981225	0.9440980827377492	0.8382245764340241	0.9584821024031065	0.4738546274019515	0.6275758741954695	0.16709478476145023	0.7155004300770064	0.835791114664731	0.28757443816208084	0.40056853438994067	0.08467327310628592	0.6303373565839456	0.14552856563618632	0.9866002885494355	0.8955937047060613	0.17829899190632226	0.018026841675351957
0.07594265760845342	0.9541404103325805	0.7830849778622012	0.9590111449293163	0.12763316068960595	0.9964758421877475	0.6619351452258446	0.6071779834519498	0.5928419951683346	0.8372979770784589	0.16997868380532466	0.20212235898953734	0.9927553144552025	0.8367913606530039	0.65729139280731	0.7495730480057123	0.25176533715276417	0.9572302634471662	0.8402153799943283	0.6833381574682226	0.8141421813070425	0.3951908558657503	0.8732842165057597	0.19475616876278656	0.3573939999033281	0.16841399791179057	0.9057364217837671	0.7187233168337468	0.7357386471794494	0.38838235039531943	0.6891395134793463	0.6318300494386706	0.27605167987764956	0.0770282618249244	0.8280851218720673	0.9085833702855538	0.1619998611736715	0.8584578890099366	0.799557389236256	0.436325313108776	0.9403181353454958	0.07682284175563925	0.5576246620802184	0.6487851833735961	0.8310968594660707	0.2018624688310885	0.18848688571468664	0.21400627857618693	0.16063105507945452	0.975187278951423	0.2720238626760717	0.8602623549881743	0.3799906786911046	0.4656099091302871	0.8542136597651119	0.11811818944541219	0.9943005806778902	0.2822618130798681	0.49108263295028687	0.46698919148316886	0.4229331824726795	0.22680291020326082	0.42813441018066145	0.4775222063542388	0.24656443166873554	0.376792696020656	0.9878531412161133	0.371384005112504	0.22521051415045867	0.17303183210283835	0.07786772984250201	0.522981617480228	0.728096523995304	0.22186413706270192	0.34156664109334334	0.6182207215362402	0.4472098955216953	0.6837654315092567	0.488091530086185	0.5651130141913556	0.20162779996350277	0.562067841545423	0.9415938834421917	0.2780231657698823	0.6852685877171562	0.813349460852872	0.833866111241054	0.7757538434606498	0.4702671596130288	0.6141963851971327	0.3148067431789823	0.9315700726296314	0.7223573252539828	0.15253771836935814	0.9266449631994479	0.009140071936921457	0.4165060284423292	0.6111194549726686	0.4548799088474649	0.06670230077862238	0.18461685398414973	0.23641510012427458	0.7746157681584089	0.6357352639152916	0.9391024148742013	0.0012714139347899112	0.6970237153191599	0.8871534084761963	0.8126077072763139	0.14586986923270728	0.5063616143717107	0.20796987466653383	0.5063675045013891	0.15411059465094046	0.4151916189447975	0.786499314654146	0.3616534889368984	0.17405366994365334	0.7320396269311547	0.021694403841476584	0.8389597648597432	0.5370130338100452	0.6533316212213622	0.025443881907274424	0.04788438989815269	0.6868332270686316	0.19377985415948118	0.9444858533906898
0.6909649189137249	0.19474139602742502	0.8270986256578181	0.08138811104085686	0.7974182789672737	0.7515254774105743	0.9028330920086772	0.9676781715179811	0.7457490851360205	0.34747542229046735	0.3943269753491613	0.7699546813564663	0.17017935335173406	0.6067497476984389	0.12086424666441675	0.8374359657017988	0.964259577339991	0.41493625593776184	0.2055501737256923	0.9917959788494212	0.6765945256455362	0.008446703454932925	0.4311882384247444	0.1898765409138664	0.056629955444925995	0.035455554345103946	0.4912087754714717	0.5269664992278542	0.9921267095624557	0.805570422169039	0.8280677167666919	0.36366301677969126	0.5891417638403019	0.14886269600634694	0.9732791641041971	0.26307274665715163	0.5520660207657433	0.7877939266751844	0.21358714855673	0.7510595361466813	0.7217220502661464	0.7815515717787587	0.9790824029216201	0.40922589646127194	0.5124404362355681	0.5262681170000959	0.5302952574672126	0.6276043987099929	0.4558840753621263	0.6565865835100027	0.6570244946471617	0.3626277861192828	0.2687933515831936	0.6974618211267378	0.3198003110974902	0.957442955877532	0.29857481558596255	0.6595360302257437	0.5045162148620793	0.12244328342082067	0.1924967448890097	0.8219235100167901	0.46525019131063894	0.17709721756492358	0.4100509835317955	0.5282459829499774	0.06915474787279996	0.2930911737932116	0.8132267032800274	0.7659207419959885	0.7821167119837668	0.20167747542655734	0.20842324832806913	0.235276582334922	0.6516813049582683	0.1302864114438509	0.30212799317227024	0.12669946401083532	0.5974128949208459	0.9282485754261308	0.00623650945304155	0.34356682018458906	0.9924694020830808	0.4238295361422738	0.11723896526414834	0.6080553574880231	0.9719308836622234	0.11345481573060323	0.8951820960656521	0.9859601522412923	0.810861787752085	0.38671445345393396	0.8891177608730466	0.2961665700383562	0.302432378438402	0.7848921688596425	0.5364840573262504	0.4339593117554206	0.3317760409623445	0.5874157093196364	0.9209680314491694	0.5888533021545916	0.7269173519556434	0.9263569122369955	0.6353776981236302	0.026775928674005134	0.40744921609222984	0.0976372184627704	0.5230210202954482	0.3319611309138787	0.7466877216190803	0.7067459799699105	0.36901832374941623	0.11858910808270018	0.054976726075041116	0.9868647381783039	0.4948764849680163	0.04974414475343192	0.37692990173585117	0.4008295257422648	0.2398196079609951	0.21475245178145208	0.16215592247401867	0.8206818747352304	0.25840247798270655	0.018025310723906007	0.6443579286968562	0.3929627532709661
0.4530325642359483	0.715334719788876	0.01884130910264692	0.559465828782648	0.4077691776565495	0.44123385269191284	0.06252942806504724	0.5222824730036895	0.18913234844610138	0.6089661003208396	0.3145970988399287	0.5876195929040073	0.4354455746844651	0.6713908539926486	0.08334912653934834	0.3524272078462142	0.19722598053547225	0.9957714957834457	0.006148707536169695	0.4183204032022545	0.620070331153821	0.3694678404967211	0.6923594124837932	0.11027651053493326	0.014103231039881758	0.3439901694042524	0.32633699690428797	0.9642123533380575	0.7327937890064491	0.9645677884417543	0.024908560026662196	0.9604302417624723	0.6426490950200343	0.680822435089772	0.9770201068941361	0.1506793827585584	0.12594152983582485	0.6593075442473616	0.5344681403381069	0.6716757062584081	0.05860206165226045	0.4414938818576426	0.8160270424874121	0.810605544214227	0.9708908993319738	0.4151295476530241	0.1895287272965024	0.3240618416591339	0.4102822730036991	0.8986199646483709	0.2658445408261736	0.37620407030994607	0.8528151948488639	0.27494406342176525	0.3580398708750704	0.5103037048137021	0.7498007605642424	0.7654212742931322	0.07323604753390411	0.30310442060616294	0.3545519701069202	0.247555858816077	0.38379380910654315	0.3629316767526971	0.8542055448975711	0.8765147540283285	0.2821833905355715	0.8902881907768823	0.004503246725883758	0.13979309189928568	0.7584602759992576	0.2507377515606801	0.047954930709890764	0.45593815819812855	0.906277580537298	0.9539732513157014	0.7360627239658466	0.20079359239398387	0.9682825876020191	0.3934537073491886	0.3854554634972528	0.5899262169743734	0.9585175163619544	0.8357923485761426	0.92918825323765	0.6228655724316035	0.4344691343521042	0.19321668200717357	0.684154843829247	0.7320087387072974	0.12635391603224	0.3128050889479377	0.6791830153699389	0.7318882941136162	0.7163206927755592	0.7240737103362149	0.9879077600169611	0.6015428619260978	0.07961813898958747	0.4666887542477135	0.6763220416493455	0.31861591783413423	0.4111793187915278	0.7032037040225183	0.8986407818402458	0.6554521749196281	0.6629665601031998	0.18186652063148356	0.6758376703218429	0.5637285421446375	0.5280697563363739	0.952707937377064	0.4812424717577315	0.3756407365244673	0.9450725885551721	0.2549318859586871	0.5784922484013553	0.9985229417054045	0.0178619988265053	0.03985571073995986	0.3824160251897486	0.4144326978349818	0.7204426099309991	0.7620850712517506	0.00153728631213923	0.8004825482740238	0.40282238695291817	0.8104570128666565
0.6731738858572512	0.4349412603430828	0.17606061134489792	0.8006130106951604	0.6435189668844835	0.13661346545077613	0.19408946817106898	0.5189358186024696	0.05696417743219395	0.6408446647948254	0.9293292065338395	0.03999863502814449	0.45424141228032944	0.08599085966150899	0.5110291598613397	0.06944929813343392	0.5159455468573004	0.4500863297562405	0.15298800426698045	0.14301036497786734	0.6006392424606201	0.512256012375671	0.3626432023734053	0.5264503047976083	0.14086692269530998	0.2188883987171807	0.5710652634294419	0.5027044307236272	0.7675651192400859	0.7114737553285458	0.8691413487086401	0.7001620935107621	0.3009006925623421	0.2526118782142348	0.6382194640316375	0.9208432918331245	0.00233396184379564	0.3849870769672965	0.22244940711736372	0.5931056352294723	0.9233883863545435	0.10226934576614388	0.08199292931153035	0.007274876254588114	0.5519540427960316	0.17513905487562642	0.03647032797050476	0.4692703857173983	0.18755073329799288	0.17053395190138443	0.16441578769865184	0.5308738717759974	0.5804073425498487	0.4651041523401307	0.27443650197722746	0.14317279646508263	0.4588043227334073	0.41293417245602837	0.7042052082255489	0.366223595709409	0.4741327577052966	0.7871056647746312	0.39231007267087337	0.47877709041473226	0.8930054543036169	0.8102300518959549	0.34801527935148546	0.6921711261192874	0.42106272629369035	0.5345784122121258	0.3901049060658166	0.8004485486053046	0.5938042394487101	0.4982159977222952	0.933019877928362	0.8459746962603907	0.04922606416320752	0.2834423526007045	0.4599918510969344	0.9998488157298131	0.6617675267518316	0.4310187645793767	0.990336369672292	0.006169819487172767	0.043992998887074974	0.22457580013275513	0.04030404198326587	0.337480716308557	0.03347771269900712	0.7406549355092582	0.3242799767148288	0.9857379938963148	0.18795351311913921	0.0038034877329057304	0.5111496842798434	0.4992220830997596	0.16017911560585008	0.12498492528456973	0.9877549198147592	0.33125777500202025	0.7066236922168844	0.8946557572941439	0.11744623811720067	0.3191723654325641	0.9251195847634526	0.9189648454689381	0.23578583941953934	0.9823014054331586	0.1949165138478498	0.38472637128059206	0.578066947822534	0.6255124794010174	0.09234143138265194	0.7545947263651518	0.33723780317375585	0.46221412999515765	0.1564762063745858	0.08840514196439642	0.7639763648928275	0.4877801971793926	0.09760119470044748	0.1266086791381601	0.6674916809650085	0.4951573629607964	0.8729934997112475	0.4277667204133634	0.6201335729000647	0.5177279499849499
0.7920037885650635	0.6197201088942593	0.6532580073198456	0.8710095063480155	0.130856680181081	0.8345669755498106	0.8432174212687576	0.35891172687809003	0.18559359933727582	0.6473573096113682	0.843567826652616	0.9884058473709415	0.4246975601173475	0.24994947422328284	0.7307950499526356	0.9434244564145812	0.1455528743235558	0.2268958482246196	0.28512515869038624	0.5772215567461874	0.8052941083271323	0.14570869341605597	0.6257898880068727	0.7538880795075082	0.29751931799150055	0.5262831667384937	0.3101507973293247	0.8050012222778784	0.3550436391135965	0.4262059167784794	0.7913998156481618	0.8945268888362294	0.05371291734494177	0.020361135907279504	0.618713870959441	0.8390870262428518	0.21058253537909644	0.5922858566591238	0.6714936236317459	0.8091002995837604	0.7797174694524147	0.9212203410687564	0.6905974471811962	0.46488559423062903	0.03055968655162078	0.43621012348342414	0.5497035284091244	0.3557650278569571	0.5001373816428883	0.9584736348332878	0.6612916259121482	0.6520392289921647	0.8797050709200736	0.8819359778746213	0.1392613104661926	0.8789033336420882	0.3803745715730601	0.5688677181312444	0.6580792598535271	0.4519537613873581	0.5138465646722375	0.6534349149907973	0.6272621713641803	0.3656237956701436	0.21324298695471877	0.7855135479307293	0.15562629807851636	0.54519985799872	0.644393054218997	0.9025113031007795	0.5216099088134056	0.7972016569967821	0.93925128903467	0.9570853105810064	0.4438642592523876	0.21819360190970494	0.038594042890050195	0.8115811449540486	0.9360484857401641	0.4342443080253532	0.7825536116927752	0.246063416949731	0.1456979115300776	0.18628384598707326	0.8837289225035843	0.7127648984286536	0.0769798329707092	0.7491947205282776	0.05827200087279916	0.09195796040307758	0.5878562869678176	0.6482196199209088	0.9459830613211248	0.9502076347250911	0.48953599392906777	0.4764266778709517	0.8675747599336942	0.41923458921988654	0.8929005828516189	0.8412961139413524	0.08542009355581326	0.573413333793876	0.5773717613089961	0.950711997948266	0.12028153832497868	0.3713247770628474	0.2958079240354221	0.9022020241473288	0.23068863863070865	0.6708801027832543	0.03891920999469234	0.9907017914492201	0.6429544377432719	0.9762322283607822	0.6626037977763038	0.8874465112865855	0.2018473705543229	0.3977935012392919	0.3737685191317319	0.238881736543874	0.9547114263199854	0.916064668008394	0.9195317484780402	0.9844127846615985	0.21168717085430433	0.4075421507862198	0.3666809674587065	0.8693325417730898
0.5544425670200479	0.3648294929540524	0.7658626159747149	0.2902630975573165	0.4647483274493339	0.41590979517036886	0.6592755566370796	0.04216266615514441	0.009610318976535193	0.7566809973798657	0.5274246027395318	0.40150250229078444	0.20320580597844884	0.5608230860932689	0.2425344169041167	0.8468437377203707	0.29683186082285495	0.7366933886943845	0.6717995098148959	0.34365763031245855	0.7974974044027091	0.47491532371935297	0.19706218589986546	0.8327555252794552	0.8148539126281412	0.8291827233839568	0.1583259970557246	0.12367788707309457	0.40360356887593574	0.18841573717321491	0.8239326020668051	0.4619718883402264	0.9145952795331593	0.7531518639402207	0.6668554210457501	0.9638798235848968	0.7865288851639726	0.4115088851871026	0.09976519413681195	0.10930431510642824	0.11023368269426337	0.006429638849934971	0.8796286952377036	0.06193735897797037	0.40540253301927953	0.8856686451434328	0.7118719343633289	0.25672839932377733	0.8947344629870315	0.4555569365912835	0.44212336289900567	0.470668407761223	0.5532517440390665	0.5786041859465936	0.5411868517213325	0.5241263182428566	0.13307275688096754	0.9502149539994692	0.35094240943134913	0.850327295555	0.46083698851581045	0.526772787137531	0.9763960659937647	0.14028580208116626	0.06678256691335638	0.9868085025352348	0.06155250559563086	0.5500737061292282	0.7319146015246262	0.6820195714287451	0.14952747358429053	0.4819663966288348	0.31933835908203434	0.7090122249995309	0.4711496777497982	0.32756845539586843	0.17036841417287785	0.6606517392870197	0.30896202518603755	0.43432365188364863	0.8158351415632936	0.4217165482473918	0.8080267761242435	0.12418349613522883	0.20751589652648905	0.2151897213884152	0.8380226615396456	0.35979996837972394	0.3165434886143874	0.9724614575083605	0.05634676658735982	0.3664608094916044	0.026322094234226823	0.45352436736902557	0.46254853914783856	0.029921323070474792	0.45463405050660444	0.6174850416573259	0.7933135409151368	0.32514122169782544	0.2278087895324784	0.8103687128361001	0.6770340369441966	0.1433412652733792	0.055026367923536657	0.9045135352455312	0.5591780903087543	0.13761251873111935	0.13628778505044326	0.011387596937634914	0.2744703858806732	0.37125294511953055	0.5081243448656636	0.3738315802414973	0.7124594344536835	0.12602302418717592	0.6003616160733293	0.9303591006073215	0.8240800660175052	0.8349809469612423	0.7885020946339565	0.4324735285110416	0.7896874519788206	0.3351488810718487	0.5571522851602713	0.5296711000889093	0.9183596681966295	0.00560138741308891
0.19557585353976248	0.7979363404634229	0.6499389852756157	0.9891108329962515	0.7771067839912134	0.43434386957638904	0.3753615587384326	0.6586504550388762	0.1565559667681483	0.3814823803609001	0.5130879599390241	0.20281555625407177	0.13056364005950294	0.23387169841321354	0.9950714384130845	0.21981254844729092	0.9343861233065637	0.45544567344203823	0.6401816641355381	0.9541970701377753	0.9404169765569991	0.4993420664181304	0.4989618813705866	0.31858602300642513	0.40549134949677035	0.9121369073940846	0.9242686654132598	0.4194211168016547	0.7175017610999933	0.5894271146230164	0.41244212624066	0.68427452953569	0.36238300918296273	0.10681309677104978	0.5933179550543747	0.6477405782500122	0.8147289658789202	0.2467793154700053	0.9839566812836356	0.8096417277868808	0.42493930981442285	0.3257706924783109	0.6741018251906059	0.01585387250707171	0.3199012267326986	0.0633609605769635	0.4023977962571298	0.7055965024558463	0.8866052467448237	0.2640978041447618	0.15728697493571886	0.8433472695616192	0.24401245838781704	0.055012702734622	0.323486474358581	0.048620371440283416	0.30591780066473395	0.9640489405985156	0.09150839427244861	0.203971726665782	0.16232434381028482	0.23265484361607813	0.5975432510133639	0.10689032933013243	0.23859961132044305	0.7491271731390305	0.12544401136083072	0.5590200288017021	0.6029047234695101	0.47889101257878997	0.5992875780429999	0.24101836705444446	0.35700600919332803	0.2106127761019001	0.5848879344829687	0.3337257198266397	0.25809523666708667	0.9369811038642506	0.5494582802091365	0.6079221739492374	0.7044127261137401	0.07929667565878906	0.8440055991021613	0.36470676264363966	0.8473326829115252	0.1388789972706176	0.23803564782449438	0.9569887368895899	0.9311616136892759	0.6223457481469942	0.8473477658720021	0.14230565570466336	0.15738831542675358	0.7195479572872047	0.3803958508454678	0.38699473341774004	0.36499916766378826	0.2061111065981872	0.8002325154373553	0.998945783817076	0.25877609033186066	0.8398298248224121	0.04382116033714489	0.14524635130138153	0.9830075502776265	0.7460721533860133	0.7311567277312019	0.7068942295447107	0.16947049092617117	0.9312015170254125	0.06883342831930983	0.2698880543828742	0.8186508867232415	0.2835817720696311	0.937787098042316	0.8156960182154817	0.9108581665188	0.02985549025075873	0.08624531906580213	0.884382743513678	0.2836310482629417	0.5149018382163574	0.4237446505831739	0.9906558774692805	0.39207763809053464	0.8382682784272008	0.7752204174348483	0.877017078604609
0.4419961496397514	0.8054891244490338	0.002228234848549393	0.9337401630878543	0.6244252036332081	0.6865506502395669	0.5797882719625734	0.6048647629846349	0.6313734746675922	0.004741759832474934	0.09488200317484052	0.8329417269537448	0.9521155663487146	0.16626956435764262	0.5571849017242165	0.7814202618704635	0.05354347597510045	0.028346741291681576	0.7455929246855582	0.24475166643146262	0.32377074009318263	0.3247729838805019	0.43785929725822736	0.9472478548735538	0.5940068512264106	0.25079126102268634	0.44542627588221373	0.9489318780160582	0.8497719661132652	0.6642466059997107	0.33929088761708104	0.4406157305970917	0.48903735048705543	0.09047173302734746	0.6808739143724335	0.1608117106069884	0.707643168357071	0.4413508727972665	0.7278362223822586	0.21755742307053116	0.1165088446340875	0.6325256608325966	0.19330539255095702	0.828666291235529	0.5276183204404424	0.6013019881931276	0.24034304120270933	0.4659424329611729	0.9129404138806896	0.6544699617205412	0.9753995533666359	0.4481268270379153	0.00026061156365697613	0.6693194909651855	0.5267605154872316	0.7668878856375707	0.7715990269873545	0.41799139034786603	0.1962534725503381	0.7812221132723057	0.36836728697999177	0.8409320345290978	0.4835389565298963	0.355298029741296	0.4408172501642752	0.4753273213709045	0.16591458898280997	0.3944420629176729	0.19152969070809678	0.5311051013970916	0.2535301424944717	0.8686619671849177	0.095349586768665	0.8225656754340575	0.829472573078565	0.1061801330759049	0.947536406581547	0.1881609679927735	0.6559692511653882	0.9879089923773962	0.15434475852323903	0.4719753127571775	0.5070266278668643	0.4376797404250028	0.031593964103047156	0.499250250319492	0.5287890255312425	0.41463844909928727	0.5051066143368868	0.021607565797973294	0.5032639464233394	0.28975079910176516	0.9507382997834293	0.5155303377668193	0.48264619913644846	0.8476163309123201	0.07233955734412723	0.0007968421617106092	0.20039554395121917	0.31823434262824235	0.9683808122104934	0.7755445791297404	0.22597936386973627	0.7741303274689892	0.7990509065399135	0.8621136805291892	0.18747701630411095	0.9978676481265583	0.09053976211044701	0.3761760955475517	0.32438144392464163	0.2970128093906629	0.15410696158905401	0.5702175723406566	0.23204067933952677	0.2636247283227805	0.20180134572211594	0.029780851736592173	0.06992349016600463	0.014611675657561052	0.21129429326717286	0.44462208560893535	0.6093703776535991	0.38747894393529714	0.7527098722306446	0.5109620017062695	0.18631200586347518	0.15208553228675703
0.7849014120914904	0.5446384017579842	0.2348470653996131	0.9728056335548103	0.6834817895215927	0.3718305560438595	0.8550194447400912	0.1884858705324055	0.05453727409526843	0.2664206268329621	0.18219947206421305	0.641062442464932	0.4587618069820082	0.15997020045382682	0.7512739863532024	0.4941354291211558	0.8338251644685414	0.3406388622290506	0.7592339058975731	0.5844452955466821	0.27446057995697026	0.2430516633244587	0.8301350734123676	0.5087836750162679	0.7164837203955265	0.8033277074186755	0.15293897770325426	0.8524502232552474	0.37305043556567186	0.03313151609283982	0.5303427333981471	0.7894696493858883	0.27074095522633046	0.9506534414582256	0.7205553312575179	0.8981404320797596	0.1919855709846	0.10852585678406534	0.016886059276788767	0.8388081136464182	0.7920789805985419	0.3104464335415874	0.672639902600561	0.3534816762998153	0.27018510354481107	0.2734648850360286	0.5111842858565087	0.19971094536709555	0.9782861128133765	0.8352683554465783	0.31088174436614835	0.6693238602451764	0.48680226022977946	0.8668738846282392	0.7371879058322959	0.7861354027706989	0.8731074392391258	0.8694080500220839	0.8958944518983323	0.4436944224028184	0.3351598103685507	0.8592964556374989	0.8535236932306048	0.7003484005090163	0.6341254069374179	0.48021539960785686	0.1916588166489558	0.7706288136178986	0.967258299883992	0.6674320025978951	0.2830179563427343	0.31433544606254527	0.5481933633626546	0.7381931938626747	0.9378616316013718	0.42762293904180093	0.11704959507145407	0.18838569323937504	0.4764478347706854	0.10153173867667731	0.7690198944512663	0.5914660654961761	0.4501337192719359	0.2957298694208935	0.547939242899599	0.06961141941248872	0.8157985812933276	0.5280562782990098	0.13015098282410897	0.0029811970442215063	0.926966442796996	0.47330498729772696	0.19743330221819	0.9935326365360286	0.23458502876505938	0.7397599941972783	0.19040832155300658	0.3153294755590764	0.8722926950052229	0.8683504744614098	0.1572009008029016	0.6050305876132273	0.35098166178408974	0.4911060901340092	0.6049746655583083	0.7456240533035988	0.8187993926309205	0.22649574780321657	0.949714558125079	0.29994154047453503	0.6513079955328852	0.5332179946056383	0.9145267399077514	0.39125270084303376	0.3328402202173524	0.42194364993851285	0.5913850253361331	0.7318293003386201	0.29057254516941133	0.7851999763621474	0.5917045441572811	0.25564739623062194	0.4758484014631562	0.9002493271152227	0.47455952841809457	0.08865349124933908	0.1346832394665799	0.027907874108567987
0.9105946445618549	0.3328850169764209	0.9735476184157664	0.8244605846251678	0.8664180667246288	0.3117874539482264	0.5987040156325624	0.06196049130768022	0.6040144337653361	0.6901435537468024	0.12977857875614462	0.7735671731607278	0.4362281284937686	0.10845465979273095	0.25720469154289405	0.13863047907237802	0.14354031339681494	0.5803366967231238	0.4700546893291787	0.08520878828136702	0.8254143402523554	0.14289296829969578	0.1149012543165222	0.6850904698130942	0.8063668359058834	0.05699596491487435	0.5796697418982332	0.968336411708323	0.28785631378387067	0.7689799915225081	0.5705740692478999	0.7021313890406928	0.4155749209735672	0.9034742880642823	0.9977368290826198	0.4094880805718478	0.2839769730193118	0.12867906062071954	0.7356982924885321	0.10211343171340515	0.5038878631405017	0.4524178791187198	0.8553908822132059	0.4219936052940625	0.0865389253765525	0.7799003918977774	0.6922993217465615	0.9674142326063949	0.8960748660442627	0.07457595556121244	0.5944790200207228	0.12677894247295274	0.6507043549847404	0.11853093388924685	0.5840287839640899	0.571255804422049	0.9590189619481385	0.3456695881088525	0.017656297990299996	0.03169711221529947	0.09942230303419952	0.5069972421659422	0.6717338659367292	0.5965971145886657	0.2530277523393609	0.2484817249818274	0.2404528872880951	0.8062090175185574	0.1374403719724363	0.823853816291549	0.2195475650926566	0.27557072376052694	0.9673252475049072	0.49070271897298423	0.27929199406397065	0.7110210172835962	0.7748039360489418	0.015894957152366884	0.5406726867758971	0.16699016139250233	0.49045497057074505	0.08035274338008103	0.15608298744046745	0.7187604157530165	0.08004720298276247	0.05093371211082265	0.10148299368462177	0.3317404621829795	0.43606135988756956	0.30349109422320875	0.9139145269786421	0.7511766785761107	0.41598379133639163	0.19162667144057388	0.6785971783240287	0.3126570874126475	0.08969209947312673	0.60759492197375	0.12627396299561444	0.6881881518529009	0.7756008710657138	0.05347783286245977	0.8651176669795165	0.8663036578535436	0.18835940401293005	0.049635670364758355	0.6356995001233097	0.6665781472643953	0.4296684413345988	0.2542977249454377	0.2984113313742185	0.9903207415695313	0.5763049371581841	0.8464285046762314	0.5791724630221039	0.8291352097973936	0.7908728643319577	0.45477402343130646	0.9756231982569744	0.5659492858969576	0.7726094918982257	0.34038624023549313	0.9358152619241885	0.6779400263997062	0.35323129420874866	0.4692948942079439	0.745109891509735	0.12770684907929541
0.9599398870319076	0.20506249593571713	0.19749299159113487	0.336073164288499	0.7121548762374804	0.709384271148611	0.7934267815869791	0.9226543686560905	0.04461715607351424	0.8282893064126277	0.4191825792830922	0.2899191449750592	0.1535935040533818	0.024583694114848176	0.9061525393448013	0.8343813704397525	0.09905845873795405	0.7609401424720756	0.7615604168172463	0.10924378015582148	0.2687677035381415	0.15502455219489775	0.6179895063469789	0.32296557552309124	0.2595832885061551	0.827134423130127	0.3363309363875989	0.004129119901826961	0.23743025715642874	0.11649531821620918	0.35744138845335705	0.6599072146036474	0.5852745378425656	0.2648278496188098	0.6893567313479295	0.4174822218968791	0.762101106068416	0.1355526943487636	0.7367316027598266	0.7923811194712085	0.29461932217720743	0.6591295473463171	0.8793433180791105	0.9023091293155999	0.4710259659250735	0.6591519331258676	0.06336239736582017	0.3369453427137056	0.5993948078910525	0.8218526781241077	0.4187136070582994	0.3272884166271388	0.5057166415947391	0.09416539115546163	0.9338050698090146	0.5775142593466628	0.09651815419823273	0.12842216400020123	0.1377784678152837	0.9074770081927883	0.3467592524710077	0.7998534321674652	0.05054326869254189	0.05259850098577523	0.8546690133699257	0.6443385265655227	0.4350639545503576	0.7065470630020303	0.9469064177681894	0.22077191460666756	0.29953713166642815	0.28173316001978777	0.6391885391827667	0.9915847156951703	0.3708744996655333	0.25005201915162334	0.2100425542159955	0.2681699734101981	0.17806653443985332	0.019923345860154207	0.9653251934694882	0.634738294133374	0.8959224396395542	0.13864021525052483	0.701847259935533	0.7498624384905069	0.7012034850213151	0.9812903312141728	0.8987769234462405	0.965165116419432	0.2178614495855964	0.7633598726253841	0.9209550845006969	0.8941405140691688	0.6188766658897209	0.43582426816529507	0.24778235306205965	0.8017546349915627	0.6759052003353142	0.5579595002741196	0.3084599433790436	0.6229213158953347	0.9223458946858879	0.9249168279607688	0.4292402903950907	0.14544252104871558	0.8898480773615609	0.2462067165078834	0.7047043916308484	0.7139235450022431	0.3229756062004422	0.037066839635035986	0.3909320207778664	0.8160111999867088	0.1876641343368839	0.05149476075268833	0.25782568320329713	0.6907393938319135	0.8769969818824571	0.3181447775390216	0.4759500950376453	0.3265270930141745	0.09562691558157321	0.8908069264764044	0.21717490699443887	0.8735874264481829	0.0888210505078586	0.7286023855293458
0.5020233901906979	0.7730837652242607	0.45230175149040686	0.9619894709879528	0.17538919907178507	0.7943270000748649	0.20855439590479707	0.2861729263503414	0.8499113110991803	0.6415598471800343	0.6853695898857847	0.5176939797917329	0.4858744101366922	0.19318754503599245	0.6565483816747543	0.32041740565953025	0.4846941910451368	0.938944653834926	0.40980655489471596	0.14079854437777328	0.6581939684041378	0.857775158228919	0.9470689690401883	0.8375997213890387	0.8351025437041403	0.06119066928558248	0.33136859682785436	0.8781450461622189	0.9260667407969655	0.9704456176917405	0.013445766071180865	0.602114873092578	0.492012386551133	0.3968061046618272	0.4619756367594632	0.16527735378919373	0.12391899415049445	0.14394184537762011	0.20160012580878162	0.8833632017868976	0.5639457362290722	0.2845194539596009	0.257237049506724	0.8779064229762986	0.15557794104213074	0.17975007232593354	0.07684095615697417	0.24444230170570336	0.8760590257417437	0.2036160071561729	0.8742953177019165	0.27084107655654344	0.49060867772219985	0.677330274858983	0.35583267301607524	0.38170004511053646	0.900585123573395	0.1839271722218695	0.23482846081217168	0.3865184532443844	0.7567653113179627	0.33114132694479603	0.6580991815855903	0.34625898775000585	0.6638487561950428	0.4663670659518272	0.5250386975077524	0.010641198059214929	0.46587053891135244	0.36667714507842286	0.8186163146789525	0.0013292290733374346	0.19731050344252343	0.49210900385771505	0.6436481062911059	0.8698896121347794	0.10999548085571442	0.9251029636571648	0.09502668830464178	0.8205416181617786	0.3670508972463298	0.09309592502851682	0.3404789907322441	0.8395531172223101	0.9352772857467143	0.3445392633243828	0.17739713589358141	0.19812395162677854	0.19476591924496411	0.5177563946788551	0.7645694989978458	0.01788872233647687	0.9297246520630769	0.19549432003825928	0.054776158435267175	0.17143423728764828	0.007112035455266952	0.4913686315708091	0.9201257421710977	0.08311682056900616	0.8018107523510217	0.03605473646544466	0.39744682851715063	0.009767680589287564	0.3896326215680821	0.023915301697481572	0.5949018848296777	0.22293875924771367	0.975455827349596	0.2624614025907698	0.9588665022868439	0.008792946726172923	0.5801583340148855	0.40828163618303115	0.38400276379023646	0.33452899373133227	0.06872069007120118	0.9156726754447184	0.8864299030625841	0.8657946528063224	0.7145144937779089	0.44582293909008885	0.3330951016312089	0.8630610867247579	0.3035557441416762	0.13362845649970911	0.2269521076698765	0.030267799047191457
0.5870038828974791	0.4198999534461695	0.4614410749468443	0.7379446158200437	0.9118798193999672	0.3780734321863203	0.3602134756530263	0.151218918059573	0.3283941302514809	0.24613597297625744	0.9082981887150391	0.3692590972006492	0.4854507936546669	0.6866469843763517	0.7116149285210068	0.8057050671877812	0.7982519800121749	0.28412616520667267	0.37929133653879854	0.7718301871822874	0.6342386649559224	0.37633950077091327	0.9008466505355475	0.11190763622746713	0.17112336470225198	0.963994441483398	0.2208336011246459	0.3729600842280789	0.9994330824655415	0.4858546884968471	0.6569593882556817	0.6140188959095886	0.8079143572881751	0.13859596737900304	0.28019000491066537	0.7782709374258826	0.5044007217824835	0.3071311696404443	0.2174773670610447	0.6850218530528877	0.4649359972825866	0.5359478188393282	0.14747825166824036	0.13380394331350542	0.22346961367432738	0.5339015764402845	0.9523832991162838	0.8406052405321439	0.50277625512248	0.7186878903750844	0.43645694599251383	0.589409433066059	0.3939160701625102	0.5702229840508478	0.8736820256023363	0.11757769189036105	0.746426943977604	0.2904583069295472	0.707220269378038	0.9710403475523124	0.8078893221356831	0.07318074740210034	0.7142245883429934	0.6224081505058695	0.13565116698974578	0.8372869263963382	0.8759607349534321	0.8880409532743329	0.7185783065147616	0.7968782902503402	0.9785818785295654	0.006376033558664451	0.9663597151740596	0.3571931416678942	0.5607414760255363	0.025018211696985482	0.7276252867120717	0.5887592914894101	0.7847481386377719	0.6013778600821728	0.009370691644936757	0.3312996880693416	0.885438975499637	0.7988020805006548	0.7470413666398497	0.23606364782577716	0.7812143568398398	0.7632562874555997	0.9341128038843153	0.672017312000872	0.21112283764819106	0.5005115161210612	0.770606379110677	0.8400808904913578	0.5265685016244773	0.24995721821764494	0.7546507981387622	0.5640375090111089	0.5337579446828622	0.9736913154928728	0.7219380777239178	0.1649190127587985	0.09279841542002021	0.5123428935532915	0.5627780955297382	0.6935205415028307	0.8046835747118222	0.6855034185501179	0.21753927487308544	0.3452798607807117	0.4545163519303338	0.6444701558912437	0.8362057480284522	0.8452826660827766	0.8448013282172646	0.029167179760249518	0.858457824752502	0.15572278634534342	0.1813538489210016	0.24058599272916126	0.5307948016315477	0.8495700163958473	0.2818209167606094	0.30714775087636903	0.10982574886979024	0.34113324633673703	0.817741192730637	0.7729544929071176
0.694177279192119	0.8796970229408115	0.809317952912492	0.6382656508205243	0.5192227113378681	0.7396171233074262	0.08872975368928127	0.3870538919382851	0.6119772578956206	0.9055082922266644	0.2775609206900864	0.551956152637328	0.5380805189852711	0.15221345431690736	0.6031048594104844	0.6085523272527363	0.45905707321650313	0.7844199893520676	0.5219547586028014	0.5922329292393829	0.48327133799413946	0.5005526178469134	0.9466857093337753	0.2966338530113152	0.8679058315910845	0.7093724221682416	0.8696564090463403	0.5608381829683157	0.9013712962181682	0.5656089129568517	0.4950038882469039	0.5961795200159703	0.9105688534952451	0.8981439460827921	0.842925651736615	0.9703780491486846	0.6785683679608743	0.0982438320112956	0.8378886205486485	0.15092429463447932	0.36121949680563614	0.7323387285755307	0.0815500513074886	0.9758611269509915	0.9611409107010164	0.08568679453333294	0.7151468680049692	0.27171663795014867	0.4628288910473718	0.5341932600090477	0.7101855589769469	0.5159710656296561	0.03707596840881322	0.6875364792810871	0.3155482501431973	0.050799053782937253	0.9152164335159111	0.5350110383650828	0.779873764448294	0.9505685851829029	0.9981981559416596	0.23755469953985542	0.9555130286037723	0.6523037366763272	0.728375409130058	0.4983657680435415	0.7034691028766374	0.8747297914420434	0.9786865813143469	0.5672471774264529	0.7219344776745837	0.6914151748424238	0.16938395216734436	0.8429909913865163	0.5312637983212114	0.032514546690239676	0.5869704023946561	0.9305697575670328	0.8112080924226142	0.5818491766857894	0.5734987235556546	0.20831348404407957	0.42175048130916826	0.7132235941386289	0.21324778484269147	0.45473378099796635	0.6086174857196678	0.23743126405503623	0.36265123888990325	0.7937916225000408	0.13840047172108882	0.010121270916984337	0.4764677587840419	0.22870149216505964	0.3184590606553054	0.8343467171454207	0.6028840444876226	0.13530757425180318	0.6816029115586698	0.7410648135942967	0.8599158681882508	0.3146539848414054	0.886110083813342	0.3597011875959717	0.11597636176621173	0.8264549221206491	0.5753675515430057	0.038873574615633344	0.04753060750825888	0.04677804039204536	0.9526146806248332	0.7498859859441523	0.13077556351555975	0.2748769260834102	0.40734340292329685	0.1978179020645271	0.15713045755553567	0.7009498457218459	0.6332062207188773	0.8973351358817454	0.2874353787907421	0.5999026159815041	0.8042505022319022	0.6886051403321376	0.5231420664902449	0.3697677860089853	0.7457762756598663	0.2243144375752889
0.05779711411202415	0.11226597382423797	0.16239135269632754	0.3012631303971962	0.741578216643132	0.7877370549600768	0.18802129250707778	0.682502429035141	0.7518045126236107	0.2966615877617228	0.7823632260053509	0.1437673736332752	0.5472731061047691	0.42027146984218344	0.1511234268833186	0.0981564730804837	0.9338470633967587	0.4613297638999063	0.811892658720995	0.6071553950093687	0.6023057093039633	0.8561658793039066	0.6964008371690441	0.6626573152994855	0.8074853310824768	0.7024855155402224	0.6342090043379535	0.899572054763052	0.16237797346394367	0.39103996961203147	0.5701609160470645	0.5745219091880528	0.16945481009305485	0.21467020797856828	0.039282704990782236	0.658017639369943	0.9131121169982189	0.11915097655170104	0.5081604512093895	0.9149317393017169	0.545975169693734	0.13796468602400092	0.20619735048326626	0.0021288446720783005	0.42626900049602956	0.8848798161485614	0.20411892057781078	0.09774442287417573	0.9411377227415505	0.9744271808659303	0.5974131962100934	0.31065940572305517	0.3979039950796265	0.8862139945387117	0.13834492513351404	0.5513061852127666	0.80419135501754	0.5682231445119055	0.1341657494561087	0.4549644451729705	0.8782407175633431	0.7510667505964893	0.25194178653616484	0.9676395141006374	0.557887501453366	0.0697872971722836	0.34119442431756486	0.8702308274540428	0.935416857637121	0.7571906458368278	0.004307357336184703	0.5134746454076003	0.3045585343384667	0.6501622422504258	0.6716522594477228	0.6279569511606004	0.9898659990525588	0.005224590709693611	0.936876305345516	0.1603183965950804	0.8211234085586041	0.832169323190152	0.7741355730842797	0.05683313708044224	0.6376578916730286	0.5779249449351319	0.37078212292966595	0.8169122654335861	0.9127724845393452	0.8906670661157953	0.23747837096661872	0.7363375794928075	0.1387348225888132	0.49079307138410844	0.9139162287893182	0.18205143674633417	0.846268487529915	0.37469396026612767	0.6063423899852787	0.5944323507329133	0.7294013120862217	0.8640538026857065	0.9375067765318529	0.34333596337337624	0.9536701066429061	0.9999537319490581	0.07641507752633403	0.047927008093123	0.20394330931272076	0.42158137687376795	0.6529759435259463	0.9327820429792493	0.6499631607974173	0.7860176920089402	0.22367183214610742	0.7378587908201872	0.8218572207697593	0.02976869842302654	0.48911213929639286	0.37393089874900654	0.651932483431396	0.8354540435554998	0.8228089188837071	0.7494337646972228	0.5276934204247526	0.7593257851715077	0.24196125970490434	0.43907673186920126
0.08408253871113436	0.6673827605754563	0.674739210614985	0.5249655990663838	0.2098924086492433	0.044340531707084185	0.43788741780647944	0.7836184963765014	0.8720837029264407	0.12414686603707437	0.09598948159532439	0.4292482027787886	0.20189838594974352	0.45952918105162766	0.7246582814640092	0.11376748494755762	0.6265722573581706	0.3213736479473832	0.878208598264803	0.24475695590202018	0.9896402161540148	0.34373867245745915	0.3313760859987822	0.01974579781813135	0.4598303626812582	0.0754424286666574	0.4111269465186218	0.5104227471174119	0.06590442400307917	0.3828168742813839	0.605028765422331	0.8473663437894886	0.9940634184911255	0.9919535138978913	0.4057543415343392	0.44306993200682465	0.04537515913666457	0.715461036122002	0.5903126899948898	0.199033608773882	0.8681461633015247	0.2295166091744052	0.9721841906679612	0.322341811732743	0.30984403167652497	0.8334723006092516	0.6831002053807445	0.4674367275485355	0.39786433336698745	0.6491553764728049	0.610814327031405	0.41155128218495274	0.35581452689650717	0.17232316814385784	0.4632810183020015	0.6614058327153859	0.34120535495222215	0.27481471192930773	0.8554708230028143	0.4126543716713079	0.6761677511929488	0.0876857015678214	0.2703082141588643	0.7694628994972657	0.7721150973771539	0.4504627413457586	0.22546246052567442	0.24902602035152177	0.8827717911408849	0.2674559900767556	0.8590370926837568	0.928110820565501	0.060061614357833415	0.9095937074221075	0.8385029427277656	0.25975934114037813	0.5468191052229001	0.9670126374193289	0.121720905551148	0.5960338893541093	0.9124629573791531	0.957669742797068	0.039401609313884034	0.2433319505088528	0.1774007464416275	0.31511478072144994	0.9352156630207977	0.37673977909471157	0.7056940987242596	0.648060885650882	0.2371922440191282	0.4603254024897029	0.5302673443616119	0.7828748127450508	0.5146543048588683	0.7233068370657101	0.4611870765115741	0.9953967787290113	0.9137058946121743	0.660287838655285	0.5644074626912338	0.20097405662703616	0.246375488747403	0.8304004969853895	0.12690374316651254	0.1723360357598166	0.2853085122654453	0.5704420848852333	0.7209535040477901	0.9323425457800715	0.13071102805644963	0.0040894298691375175	0.3409655631450925	0.16528710344482844	0.5422450378841414	0.7866722811573712	0.7452361200400603	0.20537852356316988	0.5276517290834474	0.4105816816818909	0.8529010596564502	0.44872974836921053	0.01783704259792307	0.9179921874133806	0.6811286633499896	0.7435905118552646	0.16528449306354753	0.7476470716419704
0.07729824451121392	0.850361621854309	0.6755457587709717	0.4566789591014513	0.20633995055319765	0.25896029860397185	0.8214758966385719	0.05146458738535353	0.5077443062024711	0.6045645027620902	0.7717930967725748	0.06313410504021122	0.5472149211414123	0.7719989952897163	0.6466240056329728	0.5727078873008866	0.7457218447402113	0.44621998082643477	0.502080119541026	0.2726685610008984	0.9408505000403422	0.14004473681833984	0.5659210985488274	0.1662239798423193	0.9574387873935886	0.5792152251031005	0.0031182349863569936	0.8752864419559543	0.8795374423352722	0.6235612483509653	0.06508095613170639	0.658487792618581	0.26837700118841623	0.6861815363206083	0.8444459235964831	0.5227793719967877	0.20238433951285684	0.34776506699356	0.5689426992228205	0.5204667524052985	0.6102617323104147	0.6835495218401796	0.7540995325579263	0.14660799098962074	0.5712838951518588	0.19317315326442064	0.11995135642900989	0.1224328626468495	0.5345449224205955	0.5495762802320665	0.43776516661339626	0.8408227364915772	0.25705463362555125	0.11175826498299402	0.33918388778910435	0.1834151523568971	0.5279816060158677	0.2923675472734193	0.2055831213026058	0.42874813818136404	0.48308363569298307	0.41718360514017927	0.47135511343465275	0.6315050133991887	0.37579144920810836	0.46652870187127415	0.5703721698434313	0.9754645637692411	0.23852242965539816	0.27626182336874683	0.3293229709556459	0.9204865178487759	0.5021794324546852	0.41305735954243983	0.7602650154397514	0.1337105540235647	0.5683303156765128	0.8213500144681322	0.4735640424881492	0.33053466903472306	0.743483746304292	0.14674083132388338	0.3914552692715416	0.053551042432140594	0.8630530217144959	0.8273500004278286	0.7714594230840464	0.21609745906588518	0.6531577171231021	0.6382115662159834	0.8546247039353245	0.878662217518394	0.36660821989678927	0.8197749220772124	0.5810766254709532	0.49515224213740683	0.09686403895223172	0.5667954179128787	0.7711115735571188	0.7087360557916867	0.3550891223853152	0.4864622483706089	0.38968140489807923	0.01728858507919162	0.9912732052031984	0.5483615568445719	0.25390881850270397	0.8822412703559146	0.4290823378046734	0.8793106366806336	0.13662427957630796	0.3776767652783528	0.38953435552814075	0.6838474332564822	0.18990215991183113	0.7993376098750525	0.2931372153251095	0.7291168744130234	0.7637715218936179	0.2297713167347304	0.9330945049606312	0.5536565861893452	0.15708525783449512	0.4541361115596868	0.3184881046187671	0.788809156025765	0.4115422098527104	0.12685070414902577
0.401082183259422	0.4453818922606483	0.7810359036949474	0.8726687687156586	0.9326439612381902	0.8375136230854845	0.30901653309851207	0.48656129115857905	0.5263540087638968	0.038019429213992706	0.18033688817340565	0.3919264263768687	0.2789680921431219	0.2929144303089465	0.7568675691739272	0.09556937134007615	0.7293879232850071	0.8935709162871109	0.8199420549917087	0.6503158649016675	0.6437304539770763	0.24907362804028388	0.2656116032396939	0.26066893391224355	0.028960411797645857	0.17766361461906044	0.08783152612681222	0.36069105131148327	0.6221900448858434	0.21102598717298848	0.41992572625729785	0.4065646485915879	0.5835151702593415	0.12247117828521559	0.4790891770862086	0.08493827026166645	0.21415477815856465	0.325314824997294	0.28386111615219756	0.996036166497409	0.21663568559828694	0.8425221673420062	0.8885944638813162	0.42678243403443994	0.6959044799704317	0.025830498407772073	0.41563598090798504	0.9564368071194896	0.3375406633193818	0.16730366601620128	0.37548259769707126	0.6007973015589447	0.27561456679546814	0.7907008911253987	0.14149454681600693	0.02555687194764511	0.3960160736443089	0.48588312718980997	0.09640341949775355	0.7655598725194794	0.8671867709988498	0.7651840090864022	0.48538327155225713	0.09717838829140057	0.08884869094396208	0.3057563887030458	0.8683572567974087	0.27702476628481054	0.6836301863179229	0.556878997763732	0.5648416863266331	0.16139537503033563	0.31953887271646175	0.3542211258188934	0.027781157698258396	0.8283989661976885	0.719572475610051	0.5988660844199117	0.7732992734215577	0.1648704954158322	0.26116291664154634	0.21818710811479536	0.7562007040037109	0.38661021741224744	0.03725129050328724	0.805617415577605	0.5033871757813617	0.5218520835845676	0.5065794926159706	0.043532214203941044	0.475611029832377	0.3667327226048487	0.37076380018415633	0.9251832277918709	0.5477254714285458	0.1854204065048618	0.7604013212385358	0.8786361201130397	0.7403978952016589	0.24251513658893664	0.9995728140246558	0.7733966023009672	0.46481313392862433	0.016597588088808846	0.8859333184379664	0.7691252290927308	0.30127507744882853	0.006216010504583647	0.46430476413185606	0.29937919649777256	0.327255768849291	0.5086355887379255	0.2655445993838632	0.29043651969237216	0.1640520341986602	0.23019378498257448	0.6959669556426175	0.1459966065876407	0.939727970323183	0.8202282611163365	0.10195494516716952	0.2671628629344819	0.1404895400819821	0.8818064162271931	0.36871508843442957	0.010743121846248926	0.8289113557908684	0.9565152187249573
0.7349055239643095	0.6191311274418161	0.6950393612065682	0.9460310639534013	0.3707040314747203	0.6480405318584184	0.856484201560633	0.6407585683037518	0.7008215185070703	0.18949323182760325	0.7787606810990778	0.2973969364586967	0.560835659144864	0.9593181273180423	0.014234200253071982	0.17071640483526873	0.13448560006475885	0.1377260951597039	0.13800780527934786	0.938950676057674	0.654311114571335	0.1526192884871147	0.3255796088902708	0.5187698579932254	0.5672755902565634	0.9122718685581129	0.7403977236719316	0.2034029567066553	0.30549476569301715	0.030581099291268732	0.05910811498880142	0.5029565545863937	0.6148660271105297	0.22790919779560137	0.8621960367817547	0.10556007924292499	0.607583825430621	0.10887752494104619	0.6549923616959286	0.4384901039267457	0.9904470065831258	0.6799782186158135	0.3315963374153045	0.7228833693008908	0.6026351244346129	0.08626071754495357	0.6209244827019449	0.68432826002123	0.40883456722665734	0.6405317509461039	0.30965722761297043	0.27663205250418865	0.21938803973053267	0.9625115149218388	0.59178168753612	0.1711281011300705	0.4993263053017074	0.23437906501501182	0.32419232269856635	0.5523105383902907	0.9553975025686761	0.8288678342752209	0.10615031729667967	0.09908622455478588	0.651994248891784	0.001800532570512492	0.21158549316373632	0.12999810380643306	0.4704779567174405	0.4029068751391006	0.8314880094069123	0.20152217858110855	0.16181489136827243	0.1562451901869265	0.9139667039462704	0.6215465322176827	0.48040772956758804	0.709589960654543	0.9074691391980757	0.37287716229356804	0.37232360331067993	0.1437751513900486	0.03430543276504472	0.9795377584285249	0.03453875002507878	0.12150887345321992	0.5048129590917692	0.3550757805071937	0.9082315554936158	0.37345090724680674	0.8017406115831771	0.009934920616800014	0.13638285067197065	0.5507917358183484	0.9702535673558745	0.8769068003500023	0.34018760003008097	0.4418327585349494	0.45189311582248826	0.7222919380506171	0.669624014549907	0.9483949261258764	0.001123927413728576	0.4941663201576896	0.4960782749127509	0.06450473979178784	0.28410878902792047	0.9392367298011606	0.42520017976090474	0.149945983168702	0.32813851226753354	0.4019129453630007	0.31564308145594666	0.20831175749379205	0.7314247281113723	0.8876025390455269	0.0437959128194233	0.00042765048258952554	0.08516958462756274	0.6968958978078184	0.5968962289757196	0.37643794603895486	0.6625921635413918	0.6136755372474064	0.8403292907618318	0.3141241690428773	0.5807029386050981	0.5762282274651312
0.43672164203202324	0.8260224509841717	0.8074395978293961	0.2705731545192491	0.9222887054721596	0.9710753749400622	0.32780281656184407	0.03468727006570704	0.35012058719066497	0.47403669304399876	0.6277689965559434	0.49395536858704603	0.34832586252537723	0.20745217713794828	0.3275827080848549	0.7552313544226239	0.14905543322419557	0.13074232906433114	0.6417576497568853	0.9594626510696396	0.1599426635628578	0.010585990040643312	0.09234426776300697	0.2696456470940175	0.10643907903902339	0.5561035125581268	0.3625606841154807	0.7852380920412341	0.9941126645857047	0.8877223007177814	0.978207715406845	0.4196512958427978	0.7365243752750451	0.6267725149298436	0.7492225750160774	0.5645022303566911	0.4478069972589076	0.5564271855058148	0.13534352406869776	0.4671266302824092	0.5213291309440644	0.7022178784008885	0.15842232748876017	0.6768899905306226	0.11536909805281548	0.520351844089549	0.7883628774427358	0.23821072710169866	0.2567686539065529	0.37536869319066635	0.06415503035291015	0.26375600695641455	0.049489207735703644	0.28294335991240693	0.8092395625352385	0.8682032976549322	0.9422259244848356	0.9668461944093933	0.6702713581144799	0.5439916292532821	0.3550448311417882	0.3941977299831484	0.2245190592163927	0.2166396193015192	0.5763747199543838	0.2987703076480167	0.3016102222444924	0.18934090881372834	0.13146383255515381	0.3488574703593905	0.8204768090662345	0.7702334254836538	0.24361595961883697	0.41244862993302644	0.4086611649899903	0.6733481548031329	0.11920452580762719	0.6949229114761437	0.042304103618284516	0.8560123207086838	0.5721178948565229	0.8144974073021457	0.327139831411867	0.00836373548358571	0.0836555908775285	0.3009278326182494	0.9732278371314589	0.12626553463546486	0.29596277783360114	0.898730263313501	0.7242552897767894	0.27621906454279443	0.24174070057332164	0.4099126504317905	0.20177098356488998	0.30015009122819536	0.7327949046997917	0.693983487122086	0.6747155272330579	0.6569802411997595	0.35103868698221685	0.3491460946424113	0.5670988664145422	0.5487294082749524	0.04684253556551965	0.16861361970437327	0.2625202791696053	0.974559030067643	0.46113943191303886	0.9023517990605388	0.6601237514617064	0.24016310214500414	0.3351456388425341	0.16425986850809937	0.4449167871790223	0.7787310515867305	0.520225619572138	0.2672600232127982	0.4719154726018101	0.9058435134091541	0.7151066002784238	0.8018449486855576	0.5853158500179222	0.349593045542144	0.379927913437071	0.671325189281625	0.33968437337778146	0.185649185370394
0.41077186747828154	0.2634075313471427	0.10950715882950979	0.7283909504294425	0.6840613449979465	0.992124889075952	0.09222792754849007	0.9353192757764885	0.00462997002073251	0.17690060857709744	0.8728224317302481	0.6907336867938436	0.45847138651206865	0.7629090739404258	0.9132832706192185	0.8137037979350026	0.42518247480569304	0.060718446559906325	0.8610677346388586	0.17252525022406484	0.3374682268878145	0.2261211853075441	0.7104845121001075	0.5246854140903503	0.0066473667120379165	0.5604987710907748	0.8024536529218608	0.7089846425398743	0.0077638321768989105	0.9227961574270599	0.896171878910523	0.994513195773902	0.22406175563940267	0.6420529931035243	0.14541460889758084	0.49804079853846006	0.8433086635795213	0.3027545584417287	0.26362139106427684	0.8847971785890439	0.00835416444949899	0.5967620995175104	0.19147145800823295	0.1924010126800677	0.011659053781325368	0.8346919507227584	0.23337024194584421	0.5767881546755417	0.6757891742596438	0.9833845000248893	0.7518819936400675	0.4480151529070051	0.5880570149993224	0.6584279518402888	0.8065351664833944	0.40915365217713817	0.6264044655715614	0.06979124132338466	0.8163474144275673	0.7607401644240703	0.7847527091978782	0.06052699689207508	0.07382194323551228	0.08591667505217149	0.4198666034200096	0.2508727014587011	0.07378457078316125	0.587603003495081	0.030699337943906557	0.4233569937625843	0.3873089049027385	0.6136229287786616	0.030592072444611706	0.7508269523292368	0.6864309817313656	0.2768828355067119	0.2972970023677214	0.8616169819765971	0.2550435098000895	0.10570377874868397	0.6769738927948807	0.5926846425365487	0.14148911208712067	0.7760625543251388	0.19144048745659792	0.8462475381582798	0.4051056750842501	0.26590481231359364	0.08027781733928963	0.8554100670905451	0.23134534924379557	0.4222987032025749	0.17232072805557697	0.25037795046981526	0.9100309123553618	0.54515667277952	0.0478547663475577	0.8075754941351485	0.5231122346936589	0.10928868638035716	0.82831988030446	0.5054939240447364	0.9603402367883805	0.5240617463042073	0.6302227609098585	0.23675947674624864	0.6238142127606079	0.34330152760340615	0.2216997646180915	0.17086145788987617	0.7961199232895765	0.843069113975574	0.384614057723777	0.9518423841893445	0.3901532448906757	0.2812658371180674	0.4697310373011345	0.25786333851236676	0.592558879487112	0.8704922766003218	0.9165694050122449	0.5560978780117322	0.7583719757850985	0.029476767772291912	0.32491684399924836	0.2595952694273882	0.8801606709246134	0.4816549568088311
0.629364730373689	0.7407961999471139	0.2817493923026232	0.7094952660398782	0.847957920983164	0.329847662551492	0.31008394764514313	0.8604646901566121	0.754597748455855	0.2065673242316014	0.35443485300375155	0.8950435043335887	0.31699817733193747	0.6602391889003271	0.11271509847212569	0.599211278828726	0.05503955226893309	0.41383222872268854	0.724910006135584	0.4926386363637365	0.9336474923376152	0.4290111661833954	0.24837927249303904	0.5784831601716177	0.264188997296241	0.014974577485329266	0.45764785174936773	0.6438569023285434	0.3507900896927506	0.0168429254322493	0.40020155377400723	0.834723040826682	0.8617072494622199	0.6656983443530411	0.39140598005035343	0.4562524441924699	0.23044889363641174	0.25609896265373544	0.8956986174213446	0.4049030064105654	0.23594048451880767	0.3787494968038787	0.5352365254655667	0.8290548188246363	0.7787468460621673	0.2688624385929307	0.7961862081595236	0.5550523480481808	0.2959901323746893	0.028431124568569444	0.9154933272819937	0.13774114582917518	0.6905356696036666	0.09977047018276441	0.316198569981488	0.46971979699528166	0.5729783317547097	0.4770770827310872	0.4832807500937941	0.0038596050673076476	0.16945916597995336	0.7309269711336043	0.025290622143616326	0.8543956536909001	0.27319954823483017	0.37574831516458995	0.9222512458413891	0.6935987595823658	0.786985477810835	0.8395452335065183	0.2938906899956084	0.04561960317609992	0.1683547585111671	0.28415884160807736	0.2877454596063852	0.6486198143148509	0.4708352536354635	0.9156552274625959	0.011483749515551533	0.3936445160621046	0.2521212480806453	0.25657018912683205	0.10812319547385552	0.37813966141482214	0.12333692520423811	0.9243999212534403	0.8777875669298054	0.2325209455598073	0.3981004843349669	0.9761790895915655	0.28921189741932485	0.7883565316424271	0.7809945147423214	0.5393972201969822	0.7753755216533443	0.4661263430278658	0.05957267932311916	0.9566139584796285	0.6027808389153043	0.282264796255156	0.12839731694613088	0.4732975422662379	0.9225238518193587	0.7975800941148631	0.2775126372350951	0.8714976865448282	0.19999641388753886	0.776604624979103	0.36823328075570094	0.5766478817724369	0.835680663121726	0.6286053056781603	0.09685939299822355	0.6838049056562002	0.17567199955850576	0.33626079867158143	0.26210692676557557	0.6714300344691683	0.4159598844544141	0.5659406121646333	0.09483198829588213	0.23048120091133195	0.10627309528280027	0.8881690363495746	0.469649501003075	0.4519377824355254	0.3704247270927604	0.5941803355611721
0.4912558378287586	0.20382025604011245	0.5991630232881225	0.023349467299583426	0.8194248782191385	0.911683560626337	0.23336115375375677	0.7768966944942682	0.557487144682352	0.4172271648403929	0.9664577755801752	0.4499212082805021	0.4444759900262898	0.8754335867772252	0.33395866016013687	0.25578753588078973	0.9405993228423536	0.10309380054262174	0.3621812410553553	0.10240963321206775	0.44159373611611386	0.5916764663286872	0.5876005703822421	0.43432361083766013	0.12874922533935884	0.07984623536899182	0.83054088449923	0.09236200933605365	0.3431077878699055	0.7741657302929738	0.9900858887032167	0.10471289249797089	0.9436278533505973	0.31591415484082097	0.7674254592165406	0.5346204724879174	0.3110682444695839	0.6832136155562769	0.6279833582356859	0.8006874516279485	0.492934388687267	0.4453295717429293	0.1460722667716159	0.8009064798725833	0.8320221471459832	0.9558509003750546	0.10341611549108676	0.819017889872826	0.5743811017682008	0.9895491477601879	0.6937675646401463	0.3190886802600683	0.7189075541342637	0.6241303570862388	0.6774718390137838	0.6648865467865859	0.4665693749292775	0.4617787886715976	0.6743404044496595	0.5234300028492657	0.6968910564146685	0.26190680270149713	0.25465313858421723	0.8429209149800413	0.8185830966405592	0.7254224611106996	0.4998996320181742	0.5362406601882638	0.9700387825528242	0.38202604322481726	0.4109515955098002	0.4754663498003652	0.688559306871608	0.06517433198095401	0.22163849029645655	0.1725343054017493	0.6813823956255991	0.04917189475329209	0.37967582714353	0.8192720396926751	0.21172398608448417	0.6024191970463423	0.5569101719002153	0.9626343882859798	0.06365640605633871	0.9529652112906087	0.36742358497414274	0.16155111905636577	0.5216329663317015	0.12457798299775813	0.9700519074538072	0.45424672798519605	0.09301039239601105	0.9207823935697128	0.304068437520559	0.1911459055328132	0.8240350687891297	0.45417049071752735	0.773981205804027	0.21159061304069882	0.14369153288269376	0.8370826126441362	0.3394172099145488	0.7673215193618396	0.030057124750415554	0.5191997019303022	0.6304499416469839	0.6688892787135252	0.9720716826591299	0.11999262214122586	0.9667711428404157	0.05147412464210799	0.694686572684205	0.6547746911026308	0.6826129116522288	0.6280323701538707	0.5223067462278355	0.8522967329059953	0.007201775917343056	0.7521944905267364	0.9499810197907339	0.04780954838928242	0.12727084893167595	0.2845973069595634	0.9023671934085771	0.4895189669438075	0.5758940494498533	0.7618289376682558
0.7171082973090883	0.11942034823602765	0.8469575816940651	0.254155044700225	0.5626254492845725	0.009723244564071032	0.7517026625793062	0.8995461324990531	0.47968302539920726	0.9274889421385539	0.44901505539953346	0.14040319822008762	0.8973711596228608	0.3908706049546167	0.5572674620048214	0.8408051347862947	0.5433810081318721	0.7322645935797432	0.43058745769852647	0.3076206800736758	0.5428616117138454	0.022855541326132434	0.5779925625203038	0.54025719793875	0.11374841696603	0.7649164469338301	0.9898535173841426	0.03414250519522277	0.7837160265213464	0.31745144536605674	0.6019493636165266	0.7229361173026582	0.1617136532675263	0.9318036958681671	0.20316878688113793	0.28838391575179556	0.5684728776628393	0.9439040637905107	0.4771729253522159	0.9553493431076564	0.5730497747988905	0.3786267404539112	0.00369249010838657	0.8701639643999294	0.7018987965973162	0.12984531651215248	0.9076233256658646	0.8109325106329108	0.34168477454988644	0.6924919212187925	0.9553985230072606	0.08436596878758784	0.8397385048614098	0.8438389252870545	0.0741611065300043	0.13994878513610953	0.0960294635189578	0.991032270180989	0.5731801007764082	0.5871775679410195	0.49644559423002554	0.18210517047772556	0.95858830763633	0.18384193458670206	0.48995215688338933	0.9820339884640311	0.2702629263535987	0.34482614041226256	0.8926957293871011	0.3600613473432025	0.2490666421490727	0.5914599384965085	0.8279362037840011	0.7867274010888959	0.4554636642008185	0.8497867413290494	0.7540224990106751	0.035626674325592855	0.6985352854702876	0.08623425610096758	0.8576707627677225	0.31282463101857483	0.6893556079316988	0.36811224783155494	0.17172576114941962	0.45857153504177084	0.7332140773560666	0.8296376006803984	0.7768072276483554	0.5142624103259655	0.22568735174955512	0.5762273849018532	0.7138690446355513	0.8842838380545677	0.19012619546051446	0.5176076242046627	0.3765118299761001	0.6342274381207333	0.3482891173205336	0.12884764408556304	0.11814662342471804	0.8362437900485504	0.7831449612419914	0.8485073400386467	0.21105940543251078	0.4147054362998094	0.34232629806063775	0.8070276639775387	0.6350949380802012	0.5810875591947505	0.43813147060188373	0.686767181860449	0.5236918530601232	0.14592443259823062	0.16324649933134538	0.06381874580908264	0.9739949310983445	0.5068493553069361	0.6372903116416551	0.9183737265181297	0.3979826886844712	0.9243844796407831	0.6844872774771763	0.4850475269025484	0.3596677740373174	0.9371356780727333	0.020167169727118628	0.7177820161980878
0.7462615665437262	0.3943060997872557	0.2516285281707309	0.6616070380538646	0.1666135369279872	0.995281764474243	0.1097988766572272	0.09425430294139425	0.11572348920723763	0.3907204954106799	0.8293234737616682	0.7340564358822661	0.9482193799482233	0.45934716384277163	0.7023046759046065	0.3853600096737847	0.06907770843140637	0.3449345808442179	0.15332437920447373	0.6079503079001093	0.9846591167862231	0.6585183755350195	0.8003692751077306	0.8486629841026901	0.774520742606532	0.17071903168284064	0.8100993932675314	0.5071528328728443	0.5028341135694407	0.5227641998466277	0.07627738318871258	0.03991231584844246	0.10757100335671343	0.7674454046901268	0.8424310401901655	0.4876176349273027	0.2071002649021878	0.7348177814180756	0.8754300371229984	0.6937495433178128	0.35521642851300483	0.735982571142716	0.4376401076318185	0.7957898013884908	0.8778106274355695	0.18278135935966133	0.0025500647050532566	0.8459435509746862	0.10051836342574061	0.35992336870061936	0.9459185336991494	0.4551646503712232	0.1446363289371705	0.9567339519255305	0.9812948020058304	0.14393204478501886	0.5303695008412185	0.8911365089133206	0.5061111012207404	0.5641285094928528	0.4262057132255662	0.7245371411880405	0.985275719158342	0.8528198556352031	0.0762700808567055	0.6210139391142832	0.6130496348744005	0.29798143115265874	0.4634841664421283	0.7477032633807346	0.8788189760646549	0.8214876177823545	0.21512190127431186	0.08543207909739226	0.5325416155282661	0.6776397652098332	0.6665667684776987	0.3556606173166763	0.54670647788516	0.05387879394692907	0.4830955293999436	0.3942204232326958	0.6170257107732787	0.5397842103583849	0.7213383334123131	0.7899080357075747	0.9217847053577182	0.9432348442591219	0.6961075436538584	0.6061207455614681	0.8357537665847161	0.4605495567818165	0.9273592197723083	0.174311437799072	0.2654156622892665	0.9502533448128753	0.5042929495799087	0.5281303280040677	0.24537497984673218	0.9584140122081979	0.3902705970458312	0.984881490365412	0.23484140518140828	0.01929562313484101	0.39289879695116614	0.9353998929593011	0.1875338560855807	0.6795578597078848	0.900482755812095	0.8147799855741552	0.6925949081055008	0.8755700274261867	0.2939750309206395	0.6545558510051259	0.6939074930907595	0.9712095152441986	0.366819926491612	0.8893257711803961	0.6447681453917807	0.8351841350421313	0.4401436708193296	0.9097446693764288	0.7992808327165078	0.5395583384944813	0.2127415212765319	0.09839701271414114	0.22992926853116558	0.9624283095303582
0.5230915247683318	0.5675343702608231	0.3511507711379811	0.9703095301290492	0.3549657004857515	0.0411773438846732	0.2599982428235996	0.07619820920010967	0.027858657059600445	0.6448787138683293	0.4881395087909943	0.29834215276026466	0.6724718912994966	0.14665007326397184	0.39913465879936827	0.1608250689918863	0.7705656676846868	0.4050903831516355	0.4613425125410716	0.8806736591246264	0.19403849436378684	0.11297943286945689	0.6245040731180989	0.4888682992061747	0.9555567314337973	0.6234447252824583	0.052606972499223414	0.18956948661771356	0.8999916709610406	0.06143342958342124	0.8950022858218691	0.38813672171858427	0.18778085874022155	0.13740533056183668	0.625478959044522	0.21887790760361703	0.1772401493154676	0.6742530845077016	0.12497410432449918	0.4495164658675803	0.4941462420236633	0.22379360293754935	0.5330593787325562	0.2891959240870874	0.7724267889586393	0.21898519298468766	0.9209094562836461	0.044161260668032054	0.77451216565806	0.20687307619780693	0.3182248488010784	0.8441727947779324	0.1804978128405842	0.007541720279488073	0.5564254304188023	0.1325469206031149	0.10330116464667727	0.1506535003044478	0.6466761895677283	0.07316723521701607	0.013338495155800878	0.7045308971078722	0.7135007861373627	0.4312805665741629	0.07683600370645793	0.6946313277651722	0.9630500578869177	0.6991000898647647	0.5931758678637181	0.7494715205234016	0.3895673789533093	0.27212940774056815	0.22560474043822765	0.23011959569327456	0.8396858946435657	0.9452638167127319	0.12374672530054809	0.2025923639224727	0.016246767499995318	0.8977513622486158	0.1412327652866221	0.4823698473828997	0.2654732987880829	0.31518819224466366	0.8716271945066828	0.6757322200870403	0.17781935549710293	0.058141614630871974	0.6254192962180617	0.0898666706062986	0.038438728484506135	0.8914500003757823	0.2958902798087879	0.746962773217969	0.6148940633052163	0.1603850406769428	0.9148477549835444	0.48888262761938095	0.9045339413763623	0.40250119962176023	0.6893808525561662	0.8548610072591528	0.39209123413439717	0.3917980773238565	0.18626685234049445	0.05948135766322604	0.5071463756732958	0.1861911380482807	0.35870215110448656	0.7325216208499894	0.021039499498022862	0.8632471482347472	0.7116437446784574	0.29281084633050125	0.00194063591108673	0.766662644336834	0.3032658210916076	0.7307550418754747	0.2853661530696484	0.09471739741590635	0.060644638832145215	0.37210039416133467	0.49889325937473883	0.705770155145798	0.205958040444009	0.9402746758349617	0.4563119619165169	0.4762158119744193
0.7230370432176603	0.4756676146645351	0.7871579545865985	0.21014374958420767	0.43758143252587767	0.20701658890603258	0.9030329728323011	0.3350368029155101	0.8232927970806321	0.24741422239355404	0.5146712853659469	0.6025894981417655	0.8697390862560912	0.21382699044076758	0.08058177468303285	0.7877695069203055	0.574247667330053	0.5115614967975565	0.480718598530131	0.024687582969997734	0.9302517065731704	0.8391539153613681	0.6242587677069827	0.5961950510397643	0.6522784304413287	0.06416486220375628	0.5784601469715087	0.5680983491884303	0.4580380417263402	0.5353664846505611	0.6968582562929404	0.20902721606632058	0.14955366916549728	0.6269368147946566	0.6447900341115398	0.5741077864818227	0.29278363517035255	0.33457826807458724	0.6083758156974788	0.19444077698831874	0.40768801467924953	0.21918475318866015	0.5346246323325666	0.35056406877514057	0.4518036151482797	0.23082474433945321	0.16591051870925788	0.1793858410015745	0.9683175119127051	0.7152612390008825	0.9945648643290149	0.7393331448759168	0.03200478987489552	0.34951515056546534	0.8493068648543589	0.8872972668809508	0.9925542258974542	0.3761079068018146	0.1538278179228426	0.14231558731417027	0.1499413070665171	0.7204302570636618	0.5002904096460667	0.6268538059745511	0.5316337209399636	0.8412067448919659	0.43573172246218084	0.5751384009118773	0.6575020591255393	0.484989684590052	0.48862340422547945	0.13169079947664986	0.01572004513788494	0.7836812979808465	0.7567371132535504	0.8382742426282551	0.5842055237545914	0.7430428048789505	0.2393335392092787	0.07295913095676121	0.7535368992393083	0.5994609945375372	0.6412336298309365	0.4330487191183865	0.40713968317133153	0.44558217379299614	0.4918229148732448	0.1274256340932053	0.7808930108852277	0.9737417155864826	0.6630141105108667	0.41012904828006513	0.3034628253400373	0.7653081066152978	0.46410915148785326	0.4402138543773253	0.0766361950554787	0.7673718309247461	0.27510081004575904	0.1570386596090384	0.15976962950561935	0.9101178436114323	0.5116988048042274	0.21205126473067282	0.08364407316869826	0.08959004150335437	0.8178218342888928	0.7280340995417491	0.1440602469145471	0.4561572544909732	0.8181666991623067	0.1039397124012652	0.46129591451330687	0.6796835701920538	0.03516794653041588	0.7415073917260041	0.8115152244182003	0.16298977168875828	0.2208711481536949	0.7195270315246151	0.2154073508670421	0.04457090025451449	0.2400887315130018	0.925767409257328	0.4975921446419971	0.5559095844113813	0.9019281346519747	0.40168636724167806
0.23330442542423369	0.8240925038899403	0.9122296713262755	0.7652067531468668	0.09191821837791114	0.7238246676999418	0.8775969880558467	0.781980279524242	0.018598075533631353	0.44441685484160154	0.7039297068061298	0.9234065035841763	0.4707967099301652	0.9800696774140881	0.8338016615789309	0.7426174964201037	0.09494403338392854	0.8637864847731894	0.1725054480819581	0.5737476758748095	0.0035122949912999024	0.5427840777861513	0.7100723196969747	0.83736972315949	0.19418080460839338	0.7121933264831242	0.6738271650433796	0.5792368063837828	0.34908838638464	0.824753104963237	0.46520340507916613	0.25841221384454605	0.9518269145336582	0.22286076011808997	0.973277721142953	0.175297580480006	0.6872491352741887	0.9840929650284093	0.5084632720893109	0.033510338723665156	0.23736880345303313	0.4197780378837823	0.2555638913976943	0.8384720066073292	0.3367011547456593	0.34594187064396364	0.04169241361102838	0.12158941125503853	0.35529841541322615	0.9738710628058629	0.47906830509743537	0.5854253868245046	0.05627936816739043	0.029313962148627692	0.6251490922936311	0.7322562557219295	0.3747737385640044	0.9765042012202776	0.3690573868024518	0.2638715314151511	0.5388461044728977	0.9912636055476965	0.9179943866625249	0.7778303540591845	0.6205158782700259	0.8716058115264308	0.20764115320334375	0.8474634168737747	0.30056406721999196	0.6044045344819898	0.6337086510184897	0.5937100282772387	0.37612215103175484	0.6675102344317705	0.6074936422959472	0.5785244067003246	0.12924548662730417	0.6193058711671561	0.04098250293886996	0.034955611640757556	0.6678835985798537	0.48044480720111826	0.7881611739433902	0.371693897089289	0.4636152156292289	0.03728744778281268	0.7505930552431005	0.6065191775608866	0.31662267815165646	0.24980222158869425	0.24584940024956037	0.03799102598149229	0.1371656201072946	0.5642899617464279	0.08061974724800458	0.9808568820751529	0.8027236380703211	0.354471464782948	0.3195558293707662	0.9792793746427191	0.002343012089183527	0.37462167751473263	0.19501890465878646	0.37472808115772693	0.5642122520993585	0.39110560964386365	0.2746310461521295	0.45252308981826106	0.6898673791884439	0.5168310831431653	0.06727180219169637	0.9448415695433495	0.5538355724565692	0.8898836638910391	0.6464821666052291	0.8809382874941258	0.3386310473076253	0.9305882569146396	0.3489881742005688	0.8209726992275546	0.11851283775933907	0.41005685748743004	0.6648854069143093	0.3549781031618563	0.1740114616768651	0.5332557960436743	0.807550881837515	0.44151183427336305
0.2515950491758282	0.8164006500521392	0.5646701213480663	0.30547780555463067	0.35858767837656347	0.7128137396692354	0.9637406813606023	0.4629161433649567	0.9005311670811135	0.2602531238528759	0.2932883270512442	0.6838948774266533	0.5467508153984992	0.5031612558973482	0.6423441662459028	0.3452516635048706	0.9841170262744956	0.4151188323864409	0.8745793924828505	0.03000647213192642	0.333111954127972	0.27857849157702386	0.8378955756379373	0.18014801278560977	0.5072565316176673	0.16960470315145115	0.7603934947534904	0.38463290779491244	0.08827200173349847	0.6288105623330003	0.6081570041700957	0.0014826955992774948	0.8150500350134919	0.7706320329459474	0.027730328972984997	0.1276370516369858	0.4087161517636151	0.18330509671542372	0.8307952582535887	0.46397283447110327	0.12347421447200413	0.07339138756704322	0.6482707727386064	0.9495862928195724	0.16863467545112787	0.8093814476721403	0.12665581759961442	0.46472746362062245	0.9393495119525632	0.6394728441965127	0.0788130495178917	0.8447678412047134	0.8868504440266884	0.09226041387491946	0.10484240489216479	0.5719502478957584	0.13182132929400314	0.26485065436606703	0.1657237189478935	0.3498842004856927	0.9230776915345815	0.9042171727247157	0.4949596509827642	0.5092181758937141	0.44001155518825275	0.2383751541024729	0.39105216470980353	0.6938836926582239	0.8278704448578197	0.6798144812818175	0.18198372904005233	0.5982651908406624	0.7220127372786846	0.18354254852902308	0.6707874227109423	0.21861989558367034	0.9050400866118554	0.713513325390792	0.8628056960658379	0.5392320221154817	0.2747469442113386	0.7336086606130646	0.10705304730138998	0.7098955740372348	0.7100395296450234	0.7901250185388453	0.5675012089702932	0.8953675650593607	0.6764532180520092	0.8100831095785769	0.791281037758354	0.030590131702173284	0.29888889256855744	0.14641123353154373	0.7801728662281295	0.392369724698721	0.7295726374394805	0.5139993505596995	0.868305896327752	0.6937652081511924	0.43724660666424264	0.7215611791066562	0.15408347780827947	0.8757868691608192	0.0235966678978361	0.5774776320579366	0.6955200721809992	0.028447492934004615	0.08739879811927709	0.4042238794095	0.5487015343144194	0.05497036577297598	0.24635251908998834	0.9844931082861195	0.6415474056450686	0.5167676409410731	0.3656897324210493	0.013957952172976573	0.25945441182259	0.6052523532158048	0.5297117270110677	0.3597197684628225	0.7215849986453686	0.42616466428240996	0.44488211016789747	0.48148827601498856	0.9825889031389815	0.9531697060594875
0.11940890429083284	0.42087199796014674	0.8331310323244486	0.6507044239734822	0.7455321203451077	0.0938316817804431	0.14988696275280156	0.6498970748303857	0.29480342783867564	0.9916018264380637	0.5603061882245759	0.08737749664349348	0.2159684806960781	0.34148885109436644	0.949943439848469	0.8731084451473219	0.7757533936691343	0.0014644354596839992	0.12758673633896422	0.18510675940905486	0.6998259342501738	0.5734106541137481	0.9919596380249396	0.6015645645721193	0.5111612597540558	0.5668276747085825	0.7992823086197298	0.7241368376737687	0.27813256311569357	0.0235025305089962	0.047166901334997124	0.585975475349062	0.9145903241218476	0.34200881846684494	0.3404952009649632	0.14792592992141917	0.022473843693926243	0.9273152545184419	0.6231366211322031	0.3297616920590054	0.24415619690707846	0.8759039396040094	0.9686322174687997	0.5387422654828119	0.9424996553750699	0.058431588592461114	0.16084368804483773	0.3945071189767563	0.22176852715538664	0.2860401711785844	0.6286368465698262	0.8043136643951336	0.31782445869548914	0.34343813566442505	0.5042096508484183	0.2856735872608642	0.9083098766342987	0.7285146222332981	0.4660353441862368	0.9152005912339481	0.8642282756153493	0.302442236525462	0.22248879666051513	0.7712173180337091	0.39127537644673216	0.12805512613808656	0.5619109155586207	0.5314702535897445	0.10533354809392792	0.7988933736284821	0.9412868236809235	0.7060847862318073	0.2878012314823867	0.4184531023045722	0.31464921816393066	0.45526957888073527	0.8127193629921247	0.11504563981875504	0.36715644514876267	0.8284029786088867	0.014196037066601441	0.026578109340295697	0.4199704805512213	0.06411325873592233	0.38703962484648213	0.1305470379443311	0.29824007247644835	0.1915856441512529	0.724797303322532	0.06480155033398183	0.7079083244364474	0.17194875629892337	0.5496081728919633	0.629754172530447	0.5721689691695009	0.3871910543301379	0.8415075403840735	0.869370599094019	0.2393332546068334	0.3577829489761245	0.3232526373372375	0.029082900198090456	0.6869477624572278	0.14898574007690968	0.5113736079633139	0.11488318765350802	0.919903990054764	0.9887732832983401	0.055191252600579443	0.9128150022024263	0.08007264148398463	0.5756838989316985	0.8317076296818467	0.06285184233000252	0.7206501653483552	0.8779030984546095	0.9297357182160636	0.25390364855683845	0.21261178636627176	0.04471813577943651	0.27639040809287097	0.06344028983770467	0.8258061690534344	0.8592653515773306	0.8050419984718944	0.9472580930298705	0.17165220119109892	0.8669319079879965
0.7695794214067313	0.0072925812526688505	0.3502736355406274	0.3959700271704151	0.45429347631408923	0.49568200553266095	0.5018952203427112	0.4354748646122394	0.312923924548845	0.807491705783745	0.001236897226191469	0.9433487211093778	0.8990935511452952	0.9635680987673182	0.22994368496101625	0.7293404544985337	0.17347796894031853	0.3251347689397256	0.10497985599198711	0.9148636231798725	0.2411644069976575	0.7988039117901875	0.3384695397180095	0.17053297827911373	0.49001089602644465	0.6495504495241805	0.638889080215969	0.5337834586551761	0.8303679607781616	0.6000452625239915	0.8084476852467977	0.7956048665417849	0.4416205024439531	0.4329440386578204	0.32156822243066463	0.28339436477769075	0.04511164963066683	0.6108733485333407	0.4146156800085721	0.24603777475501132	0.28846731917047375	0.9476151299013955	0.460808022161905	0.33320828761701315	0.17244177022003893	0.6764680743561663	0.7027216207724805	0.9176305395387138	0.36400144885088026	0.5064096547337736	0.7342430702323172	0.5144374000270149	0.32880283838978885	0.9625213125271785	0.8613467330869062	0.213212069470319	0.3164980370058713	0.33405694619710435	0.5151774458805053	0.8128879464240085	0.7835330020515906	0.5321896939760121	0.7793647525025058	0.16041305741028355	0.13933721847954994	0.7819513703095033	0.28122016917146464	0.634753975516535	0.5088437917440126	0.23967873793241634	0.9618763721202983	0.7820512908995568	0.5263955314895259	0.5717269386158874	0.10235451381704574	0.39367497020419384	0.9330670551673044	0.7105201626772237	0.5100535493276976	0.7653637414021668	0.6515092783923374	0.13519645027486826	0.8362149366461369	0.3206999090476811	0.018013291467390946	0.33303198097929765	0.866726606455141	0.31974857869084206	0.7614839764895104	0.1513753413667157	0.4550039811976516	0.1370504238159066	0.2897670765288042	0.793883163696423	0.1347901292112047	0.7167384730782184	0.13410429519165024	0.9194589077011392	0.45475771488950656	0.11075821937134844	0.6851401284356371	0.9595129018514966	0.9893312931160309	0.6877008800063712	0.4747990102726467	0.18638207856419287	0.5584671198895144	0.2796173958921866	0.5342897255942933	0.5755997342093655	0.7119663302812376	0.8639595744261781	0.20734789191290837	0.2293552073630769	0.8981163652845343	0.999986218066619	0.13693486542885291	0.3314454972197425	0.06619321831036173	0.38585125210765436	0.5282969158329983	0.13485564812591821	0.7630977859551896	0.44276905382153375	0.5409138425847001	0.6713494925307375	0.8338510343554021	0.4578072791820298
0.3504211016887834	0.27333268498339014	0.3450769644014616	0.9788730335092591	0.6668920403818485	0.32869692673733364	0.3478730781138347	0.6241684397658986	0.9008448051098423	0.1700772164487362	0.27310112110422335	0.8947185581868992	0.09886104373639715	0.460154745206519	0.009491212766097212	0.33923901062523254	0.10010773391217653	0.8956989623790648	0.15616266289565628	0.5863780117243336	0.3282636027309358	0.42468425206076943	0.2424525620125194	0.512928091807416	0.5988649089998688	0.9191884038994392	0.5470340366979797	0.522567273462232	0.4068909590053621	0.03864824457173177	0.11064507824726677	0.929705413619432	0.12959353061775336	0.8983504953761273	0.5052347868558917	0.04684153143878489	0.28039970990865126	0.89028101146493	0.042387939752717485	0.3373946767693009	0.3075687019696953	0.22847142348087668	0.1316903139524942	0.2619588049256367	0.6720086294265445	0.28853762691304563	0.7069190109773347	0.427533451319567	0.5787672331256448	0.7433824275577586	0.7033764983810943	0.1546363838405822	0.10466098318061012	0.8635759690227104	0.34424563914631034	0.25366330945202575	0.020703200025494084	0.2445415367398972	0.04618934484114767	0.593804328170825	0.23756915484482077	0.09293265256816319	0.268971161550015	0.76953796850657	0.874227216765383	0.41684700408912323	0.48817392436469464	0.040179273720917896	0.10034635678834158	0.5043951177783651	0.7722764263328278	0.25509388680638356	0.5020221753152805	0.12465495667382887	0.5194489551809348	0.5806129775697724	0.4103185427685394	0.8373559611678273	0.4203711784712406	0.049850495020229535	0.19281087968010513	0.2862848267261918	0.3033303421188813	0.8348076612952928	0.15710929521837302	0.914313272824639	0.7095247265391801	0.06629491612707206	0.5568084606993366	0.5201865820330107	0.4574001184907458	0.35326495368744126	0.6367849908661986	0.47300922388932776	0.7351334987587386	0.8488425244207816	0.9755121907536822	0.36029109164475936	0.5195944139941475	0.4749535076111878	0.9831571605532753	0.18763921718698962	0.3622426123005834	0.5498823782946956	0.9166194692037861	0.7421225299408987	0.48888195146770974	0.5321294246594708	0.5615059531199458	0.0283353558630276	0.09195826979702093	0.7102520397283958	0.9753892578234268	0.981977345570938	0.0285231174954772	0.20254866332872135	0.7125973803031836	0.4272650289895896	0.17909299157739456	0.15088353504978658	0.30979985909998586	0.20591113361900626	0.04915023868755841	0.3038757420743249	0.9150705195407856	0.7280117328455064	0.7750752003098407	0.4267705760118927
0.35578022299461076	0.10267029255639004	0.1750176437672547	0.6479790932106294	0.5737936673449486	0.016167650143814383	0.7170684871851976	0.20469793082939902	0.28834264610511406	0.4455484139439222	0.1496309059652592	0.29676442554004756	0.7399014237583602	0.5108378741656522	0.3310731928905303	0.8729969910480089	0.34244768529812875	0.08047124664962446	0.13352923400341699	0.4615755095468891	0.47678539248539775	0.8994326405504214	0.28762223635654294	0.4210156108720582	0.28487503869783914	0.40473056419438935	0.050900975344945976	0.12450873804758389	0.1609253432813179	0.5695148086468446	0.5769497600843658	0.27546699574080447	0.2321598140904173	0.6483899862263593	0.6558070495288041	0.7434370727209032	0.9238927278070699	0.5852018531888588	0.12843386684343772	0.6899467766286772	0.14399840999321223	0.28584445774662626	0.7754186311330213	0.37801476692723546	0.6344587116144216	0.9914508538887815	0.7759054326457682	0.7735244225564692	0.2745579137460855	0.31034138216846885	0.24205502955808378	0.29634240278543456	0.420989305067184	0.5913289105296624	0.005851662426540893	0.16385514260444778	0.6951912797620211	0.2009285415161547	0.43794324681699437	0.7235540006968337	0.5966339878787016	0.7300519650683998	0.09112973973114269	0.7804377090633706	0.8889882145712475	0.7807809742768248	0.4196222211450906	0.9978107607538654	0.8328373790587531	0.7164271088184127	0.4832077651711041	0.31014971822925796	0.5213468477328003	0.23859898049007633	0.3369435907896605	0.5832492489543694	0.5389112616516842	0.764724657402123	0.8075398011646072	0.11392285488323262	0.5573030057561982	0.7919075710193768	0.35279988590539524	0.7626895156869061	0.10869694617869785	0.8964099381179432	0.19010146699084818	0.8960688823234699	0.5684314895230922	0.5649052050158376	0.37879335633638145	0.013741998050833648	0.20283800709489097	0.711723570731897	0.8700205967086575	0.20463383664000845	0.6516587437283488	0.6199520792523411	0.10335225279703308	0.8271626259936846	0.003996328598375842	0.009847818855061141	0.9033496956452214	0.37763959172663986	0.5593186904149616	0.4454765649206186	0.31331725972474345	0.9198737077469219	0.3914057330503127	0.18456826091482736	0.7409160375479861	0.9584641520637074	0.5565291713097017	0.8926916064933118	0.6216675336817332	0.7157749754114581	0.8093029073822539	0.11572174930034707	0.9295153889523904	0.010723850381391231	0.37485767806395986	0.29376182181740806	0.7246396711979223	0.6837245604383767	0.9722022159211522	0.6359499502436957	0.27750108572122445	0.006536374794762878
0.07629908706530386	0.5226326925263446	0.9753168334072606	0.32787996473811076	0.06958396855761162	0.03665791347555902	0.7513485906559348	0.9275183762369967	0.8972646341251745	0.2425726766009333	0.015212105827503541	0.31552416876436906	0.4589719205195284	0.21609103834492038	0.7883533405189508	0.2813826994257531	0.3960318142597775	0.9628368933652941	0.8517851920077025	0.6307099723893376	0.6205228848718339	0.2553547176867744	0.8331464875096481	0.9398800420524082	0.6614516815656435	0.1580947723531123	0.20222238126313208	0.9218760421332921	0.4512771672719915	0.6449898138989598	0.42275203693181895	0.8246450227182996	0.24824119674605394	0.7127630845329478	0.7745754011878901	0.9450284517094892	0.19745623778487686	0.10292232323705197	0.8997850216303573	0.5446497010669173	0.8249261481163939	0.9265443767865238	0.7845177964294348	0.08435523359724606	0.0546838451138455	0.28314014901623397	0.6348007989582227	0.5946920863345585	0.8864133575494811	0.1337674383934595	0.2224665584687059	0.8692265042331101	0.24841966658345405	0.1727606654206073	0.7635628394097528	0.4338212198566661	0.25339081168290767	0.6182179560880187	0.04127438596100108	0.49054676109639905	0.6428910685009022	0.6517329223521986	0.08096836487906556	0.22293107144186675	0.8952970792683149	0.6909227054633131	0.4609519884796993	0.29506031469895533	0.2570112048377784	0.6515023998170425	0.30231021145032266	0.24092931034903287	0.19943128513998687	0.26090526713640905	0.20546769048704505	0.5692857614629924	0.21947136726003125	0.41460546348644556	0.42193646960247255	0.33726312817881865	0.8441904324360048	0.8248774794505505	0.33898722903917244	0.19277429121777778	0.25406982644633525	0.5183134767775268	0.15720444796950395	0.18193387866512423	0.027172617676031297	0.6163835844379977	0.5414720372984797	0.6317536345804037	0.4582381368039017	0.3808652463246246	0.023802336790063383	0.26915104737467554	0.3506313961948444	0.8397952231250327	0.6198396330102065	0.5128964003651894	0.5717545221986308	0.607935717557964	0.6834452457290408	0.988742585570794	0.2087272560772665	0.8291456560888762	0.4598852970843391	0.4530447668051998	0.9378609629999871	0.17004071643866492	0.05326330790960687	0.8392756278588334	0.6522156593939765	0.03758863213406949	0.4987589766239907	0.6892364558259267	0.824179045520286	0.04065851311089186	0.2512281575362989	0.7806394958434499	0.36001057108218293	0.10744481987755039	0.19852402047463902	0.9895029926073907	0.2844164346581116	0.900106767971393	0.3224222733287082	0.8465525522025297
0.8739174001702751	0.8952342212646758	0.610404794910979	0.6515702981449917	0.16811797011081642	0.6118646612884608	0.3465464811603114	0.3009424364746226	0.3611375380444526	0.4765072442957161	0.0780659109243802	0.8914453431640412	0.35361884692808443	0.10155861540040256	0.9130783002790839	0.436171844895597	0.035258982253588034	0.22595830410556927	0.6667462618518811	0.4096264727386255	0.487799687640567	0.3533130817855237	0.5865284994677057	0.4000316131970265	0.8305187032208474	0.13722910697137214	0.9040495225990611	0.3336569394450357	0.23457466609370958	0.8114886635419848	0.5199442030649682	0.60461324875856	0.385131815451632	0.011384791807931505	0.9638963458639404	0.05963453879013547	0.7284390283162199	0.5949222405233999	0.6760973150001397	0.4891816410355928	0.8797295688619301	0.29310729423527593	0.7568803871978738	0.10517299417279602	0.8070261946511291	0.5411736558538467	0.3956183891878098	0.9083971193453932	0.7461465035046833	0.7765196188385243	0.1709530119066519	0.9055438510320516	0.8049453942481382	0.9731746379787349	0.9822920615879276	0.08955123774327622	0.3518952542779803	0.7745246305115341	0.7141185466039616	0.1240121707698385	0.8924994017948149	0.14500343319001963	0.2409789958057894	0.7121103918085946	0.8121065713449915	0.7882786382136202	0.9154543488180725	0.6239412245086465	0.5873883274501643	0.4114000323163013	0.9283961888001279	0.2024677129597361	0.39964453883069895	0.059223932988117345	0.617793442880713	0.49629083584206213	0.43524778642554607	0.11622106894149475	0.5672251756291373	0.38524546697225337	0.31498067879390435	0.9764416592966606	0.1700934031009652	0.562436981256315	0.475885583362351	0.8315618279924598	0.9216567658083827	0.6681700869253908	0.9246925180480183	0.09488280153735051	0.3695190720894178	0.1122954032069583	0.7534118584160787	0.8401153452103942	0.8930172758774907	0.47424507986664766	0.4113878739754605	0.6109965680235123	0.8044151680970821	0.24175284911067174	0.7702205186482243	0.412846491787458	0.0005990502729622538	0.21755048415251432	0.6943276076965512	0.43269833439718086	0.2755029918316494	0.34887394876746836	0.9456324063322585	0.39820331439941337	0.3404756846536121	0.33049737602932905	0.1730551885302576	0.23128542924558027	0.6335047570159771	0.7862284206379924	0.40752176971765086	0.13860969404945178	0.04576917029113037	0.023571723277501455	0.5052601563983254	0.1140200376832553	0.7870392169248428	0.8102585497456232	0.7763460373422921	0.9136507839155618	0.3989972261762147	0.6889237831161062
0.13030994414727304	0.5457869007362435	0.7289367598994948	0.4610448876964055	0.9742654075316606	0.6524111663053188	0.0606707021573869	0.12723150043000753	0.8023953956230316	0.4226225296488113	0.25907558211629045	0.2191017762117844	0.982673543004903	0.5727729102084851	0.9037030114919644	0.012043478113580197	0.9681111125399582	0.6639800125552678	0.9363191197035947	0.7478317093214008	0.525774847070306	0.6120450163866773	0.6218528584878429	0.8297839641136522	0.40070286559678603	0.3495536867403589	0.3269983439078824	0.4518837091445319	0.6667495039289525	0.6405321854062052	0.6326046846350749	0.666611871598155	0.28621682170784213	0.14364804677859078	0.3007747356249604	0.6272162468722619	0.5678288129850507	0.2730749282900189	0.12042308462339546	0.17373096110084474	0.5020360598461542	0.6521490687845862	0.11446763955366401	0.24099789407154026	0.48826789098186374	0.3782616265088148	0.10484962407784648	0.7052245694360207	0.383154609335007	0.26201741959389657	0.044349471026490006	0.4648603094277636	0.056789119238467634	0.598718255185883	0.4982273891656134	0.04831436940940792	0.7887010935846395	0.8399509159147228	0.6879711175189964	0.6553483174579722	0.301641266349686	0.8408287781749355	0.025708289573102228	0.6226914848687565	0.04802295001630552	0.36963167157855026	0.595027103498001	0.6394576207291744	0.2542305752885299	0.6313194299381638	0.74644001608371	0.18478884252801342	0.18301732122161907	0.1749449735769043	0.780114669401959	0.597592642157094	0.6590549224531842	0.6270156144392682	0.717935315817637	0.9872132171040874	0.44924490240165516	0.9507525975165173	0.05090084047620469	0.10379395917769696	0.17047607229851303	0.8956597710536885	0.9905260222685466	0.23228574612252784	0.0015049386931941244	0.1222626987853721	0.07113657011152918	0.6356141895689953	0.738454459853686	0.6393711974373224	0.3981390475022476	0.47646573739227316	0.3284320003459059	0.04789684498366109	0.04989367005572076	0.8841596757147079	0.8647067488639341	0.11968267854256709	0.7030376634489245	0.9791972070819702	0.7230110531094378	0.6643936931408386	0.2493366738221745	0.2216052505481424	0.8826708394112686	0.809152434796584	0.7648412997437867	0.2995568991248483	0.9513790395644746	0.4683868996884205	0.8297973564341596	0.14362302086917	0.5898605486562822	0.98243575025191	0.1727853614283199	0.9049936430908112	0.5932134286526114	0.37698226399329393	0.9914410448822775	0.26884906244043993	0.24633579610108058	0.527390238628674	0.5984647331673562	0.5601201743231158
0.6601997458170741	0.09410392909355914	0.15074065261487912	0.037157589198974494	0.17139140289456878	0.699572892925496	0.631344916262967	0.586047684324895	0.21243365343064102	0.982832562172398	0.5073895702185152	0.47539285756677796	0.259764640051964	0.8839794873036272	0.9440822635422657	0.8295258558780053	0.48522384708984834	0.8729631964974701	0.5751126285092658	0.2109306936411699	0.5938480882306193	0.5935634850740782	0.193326352077147	0.039836718727464415	0.1814541482361568	0.784254956586595	0.5395012151078448	0.9219758269960252	0.27020182045429786	0.34150598199170135	0.5061355471912254	0.8874907308018504	0.13773222433281562	0.8234898534187431	0.941766705403049	0.7532075554054227	0.1084115462427111	0.34039432983630047	0.6825274450291648	0.2467850065313183	0.6574077646719143	0.3319734643736366	0.329480887419323	0.925967863235184	0.6463004478013837	0.7930064408371944	0.678281377170294	0.566696285246484	0.8645912135190503	0.6271608006366067	0.39153286642395957	0.4454783047381039	0.8547516086056526	0.46802635435293594	0.05347222227222237	0.5147167259514958	0.849016887919532	0.4934909370170395	0.9924039024446498	0.8105980850433261	0.9244003203084991	0.500285421969377	0.8562668553399871	0.14553731213674137	0.010690187249320915	0.9811862843385256	0.2660452992741148	0.9244133317176738	0.1349856733909326	0.6117627342479555	0.9073837872595618	0.9910713785586521	0.006052137877714414	0.7748030214408546	0.4214340343046722	0.6250599450052821	0.29489977280634627	0.019926542919270762	0.05372560979223562	0.16352961027963075	0.44326630326405236	0.499412207467994	0.1811155624511669	0.9095260504906749	0.8339490008857817	0.9158464409942214	0.8039073564021995	0.5469721964911712	0.06992456408622905	0.6226714538410739	0.9620064573578327	0.5420962614165381	0.2585152879286745	0.1604380871044233	0.5664077670780272	0.08079466178212158	0.7348312290711969	0.6427423538614826	0.27343988057950097	0.7004307190858942	0.3284807167262741	0.22615364411302108	0.917078274181294	0.46043814910295555	0.006826824510614005	0.8078414815125164	0.11383500058131124	0.5798052245517284	0.04020484350498932	0.23634097465669657	0.7058874893323	0.10190594646198892	0.09907114000490103	0.2736405443297343	0.27838397326170083	0.030521738483393457	0.4256981040170347	0.9398671695431019	0.6267610968017489	0.29939608466847323	0.7914042512856705	0.21945316654919067	0.7126097965440047	0.9339804684303324	0.7623931818658295	0.3298556958530686	0.5864942651835248	0.918867401555937
0.1253416170378423	0.3878421951344705	0.7670963865329422	0.5511721162898965	0.9559160989331227	0.0024484617065161363	0.8509180147105208	0.43136969949173953	0.05338889705679306	0.29176142191066423	0.9951048890376996	0.48655050046655945	0.7417913840974392	0.7533959770074513	0.4416049319252404	0.7157746392459995	0.14672034128543987	0.44070562512967204	0.8658128221823332	0.2687221049220905	0.6104017709801304	0.8037353094779923	0.6661094391698524	0.9276126580216587	0.6897029704951367	0.19320593526596774	0.4131044126707142	0.09795893069817874	0.5228798363291387	0.5930728019510062	0.5044793290651127	0.5951380698017769	0.614516547111217	0.24829532593818582	0.2873239017643455	0.48382372211918345	0.6404311868496639	0.39168734234181235	0.6539978023126849	0.33986792934779264	0.4139061751812907	0.10757927783501275	0.16937187015712118	0.6867873358877097	0.23169076746356865	0.9965944616774493	0.6383621125044268	0.9418475619187341	0.5020112881029012	0.5178950804456565	0.03679344107797533	0.7012014502056716	0.8777837354270153	0.03855761152937098	0.5024678217232094	0.32309660136541773	0.02176862247237199	0.9905010027587352	0.3931223990765338	0.5807581244231135	0.652826243953086	0.9909286655457338	0.43026565265073946	0.9956185793536848	0.2927611883994037	0.57422259540397	0.7697634892752385	0.7965519041951558	0.7474066627865108	0.7682363638475974	0.5283918108419409	0.6181614268500623	0.08536518575590912	0.4754116735186089	0.32421874634043646	0.5420768650000337	0.7163016842159268	0.0969579538661941	0.7616933551886049	0.9296140511947121	0.4976110810494352	0.5388707480547769	0.73791221423468	0.9459105040932697	0.26526074007737066	0.8671932268257584	0.8003101934166271	0.01278327980457783	0.961053761789432	0.14220583251495922	0.41179255828401984	0.7057805128326977	0.5105239514409668	0.8996231341372313	0.7986957461891975	0.12629246373317538	0.48605615898056287	0.423265617605572	0.3389302307688702	0.9825457125119252	0.6073413316998139	0.5083639314768819	0.22074657759635252	0.9156885233798244	0.1537997355419639	0.4386294859485175	0.726075952988658	0.221882809883997	0.33235368036011537	0.9577217625345158	0.7991008971064228	0.14576276855797576	0.675556172128087	0.9357437217388207	0.19997025117976408	0.7870680836010491	0.7878534571427414	0.19384247702776491	0.7697574955204731	0.9400352373049004	0.7735142190585672	0.9878273871793373	0.5914469379493653	0.0276540380488004	0.3461180604011248	0.9502974203990585	0.9371820471728967	0.42053205756732837
0.6705903361430896	0.6943007912929049	0.6874589498002205	0.9678983759949736	0.9079215409017317	0.33099592553050017	0.9769523072697515	0.8365721880020472	0.9914288566842409	0.3172509129041192	0.6210514816893583	0.3075744680345954	0.39763249878932694	0.47197797893385085	0.23260078565463993	0.6983949444342055	0.14424086948914772	0.5834234938084054	0.29046577140021257	0.20541749599835313	0.11998182139758273	0.7003259578631444	0.7013340304009255	0.7367338350187757	0.932880125508191	0.5737336769110901	0.6155581327815413	0.9518398183735631	0.9019948034409845	0.9419843991551013	0.8648713806017856	0.3074752800904206	0.8898058422072314	0.26490480148397877	0.2371040004660645	0.36511685912390845	0.21307644449605656	0.9150979162696302	0.7273240388126816	0.5473224304251118	0.23417098859194274	0.2892006505646282	0.548935339144242	0.9824364454251363	0.4034412576689773	0.414676770216294	0.39087483428937864	0.2714132679360136	0.2705296915069243	0.5910261565947444	0.29292020803753227	0.7630708546632528	0.3659058232652005	0.6329714966608962	0.8468594737708193	0.7734582793301107	0.7338042135847708	0.7086246768621414	0.4550447736049902	0.7968998921214987	0.28888244369132987	0.4667761812727025	0.6114835829665548	0.2879634120892669	0.4609412597908107	0.3026050772316923	0.7553465550831647	0.4000277208621803	0.6594321600356401	0.46325751126102477	0.810771907922698	0.183318661840429	0.8674059879166565	0.8235588357411212	0.43963226884939066	0.4944489132113523	0.04043986584854886	0.37178632863911165	0.6170062525280081	0.6002884934740965	0.7811900012349958	0.6429287361817537	0.027481382548411926	0.2520681305583936	0.8966755182784101	0.14976779042424426	0.7870556083887593	0.11427708952528204	0.8111508760603972	0.46606220827298184	0.3085680697715264	0.6144223275030268	0.025969719877982356	0.8568213466693847	0.5527137641560063	0.17046989790252032	0.1636187147044872	0.8949401517208989	0.5466275415131703	0.5053149364457732	0.2773720393627471	0.06192442362588946	0.37149579436624736	0.2147243953352378	0.6354025758062326	0.8638846343529447	0.892591071841195	0.9403601719153967	0.7427493058913676	0.9124254694774964	0.38768607669636534	0.6597686534847673	0.5815474918684692	0.10183816170780902	0.7230160874780982	0.4888361697326067	0.1857529311178442	0.046959580642341736	0.5321233553934722	0.503848242592127	0.12438573851398194	0.18179710337420685	0.3880020853745416	0.6739955341801735	0.5449903925423538	0.9015546375813552	0.8112236380801984	0.3086619376009331
0.09039283660871245	0.5246910759019466	0.007744179325951284	0.15423359166469286	0.09763318839473867	0.18328081442339228	0.6085609026207163	0.025681256342372616	0.7295682242938094	0.26640266905762466	0.7234592275758784	0.5441129420994165	0.3963429823400181	0.7371905469100789	0.2224788638421067	0.19233204429482975	0.6188400115321697	0.6482707147392838	0.4791124715990662	0.5661643879570701	0.32508228405382744	0.2865256634634604	0.89486633203088	0.7210406148547381	0.5724728698985427	0.25253661836772123	0.6902648909607261	0.6662460840133922	0.66008740218437	0.08394851823388716	0.2383927334629219	0.11767069120317186	0.42206662252330596	0.09711981757105081	0.9740368367113923	0.8800152692069839	0.5484951295111296	0.47562208998956723	0.13217659273644	0.14267088678537154	0.9160025591341664	0.4712565762846229	0.39361824881868135	0.4071058233152437	0.06428750488532453	0.3989334764848429	0.9974468935344691	0.665647456324744	0.8340437994320722	0.2948526624718879	0.3495015193924773	0.10898897513483674	0.8472422914363581	0.3214479081520084	0.6705980940877778	0.13566166772989363	0.6725915508585695	0.9909227926927567	0.8842092958006029	0.9027524601552392	0.8440262763421069	0.9393186182661456	0.17934249218685816	0.2548244840745898	0.6706224306151334	0.973275966722751	0.21975805896487977	0.9744830717947617	0.041922450939016254	0.6522965060602991	0.38000857664386567	0.8250627438857947	0.8984966809637089	0.9785166757777969	0.6833269026886968	0.9127914615614076	0.7199763401486475	0.8341131173577101	0.43446823655555555	0.8573759721626911	0.11892143057101978	0.9692367803053092	0.8346274367838634	0.5739346399037186	0.07833122628142031	0.17349772656734763	0.8727353866333354	0.9623947542705343	0.8824272756174062	0.5378499037823429	0.38886928115309527	0.3171436233490892	0.4395119983142406	0.0029663156423579418	0.8378786558893653	0.2060347271029599	0.22858641272553937	0.8281276551960621	0.9352887259918489	0.4648843058707004	0.6393751590979159	0.5368677520375357	0.1382930497376692	0.11922503954595876	0.19660876353546697	0.06658814023381332	0.26285528032204475	0.00806457412826267	0.48270839075451444	0.14039806022342916	0.031039218779603694	0.4249733820732593	0.0235821481432108	0.4343834753039145	0.8053871976708002	0.15223946614741513	0.7953288856175039	0.819070320671061	0.8141038628739352	0.9473635343525927	0.8527057196560269	0.2696066516688491	0.09374542276783981	0.5573455254324935	0.03091557217163865	0.4824451282611101	0.5270695563469457	0.46233110184428183
0.7911810106992423	0.7259005816783876	0.6332608164359618	0.6992345210625884	0.022375681807025316	0.28363616508489775	0.21438558915102113	0.07262660390482945	0.3048701558970759	0.04958023735193273	0.5654255892772697	0.942841243001577	0.9267357841524999	0.5646405100408989	0.7214952598508212	0.6333994367207867	0.45423962183774014	0.6419956788172206	0.7470347930878558	0.7405525575563469	0.8781608975130789	0.44350916787861494	0.3747645731177043	0.8861720208729476	0.6877656689335732	0.5358792124111683	0.44719612860171476	0.7142270036150968	0.5731129771593891	0.8415902499776736	0.27800335651728003	0.7236904822813047	0.20691391786903424	0.580397406364085	0.80579089322288	0.9038120488619661	0.2653567658218915	0.9345110767990817	0.4664534953418792	0.4376741502030935	0.02435072749543421	0.19307584852826964	0.7154988553901387	0.677922374768929	0.6493788707220611	0.3409133929166801	0.37001169441486603	0.3765155554662083	0.4795556738920549	0.3956454478519166	0.8626601670897158	0.021464617676407727	0.8785131381990304	0.661146073437645	0.35262312710191646	0.9056666127487616	0.11027081351080836	0.8602539480739716	0.15214155178676148	0.6839434896046321	0.815695836672935	0.31384929716956866	0.20421911256652603	0.9450899645628191	0.4563741047353408	0.46006606760233715	0.8092173080122452	0.3883733034040243	0.39571791299939685	0.639336154443747	0.9659923509256665	0.2840309061340939	0.3070624710622041	0.9513816109155356	0.3464485441678966	0.2668586600373386	0.3160680107880086	0.34878427241920007	0.3032212619904837	0.31578706892134034	0.3932250028325526	0.5587271273150213	0.8089045683323307	0.6058622817684443	0.35204589473496306	0.8096586928197571	0.3543920961641782	0.8109967343430188	0.6506201942247187	0.37112801708911825	0.537581846922141	0.6342261737451582	0.018064704023818212	0.6857498328097248	0.7349872313143111	0.026027094181262922	0.24518917241411764	0.976142121723281	0.5636144044903707	0.660916450782933	0.6353845269806819	0.5246292333740247	0.6193967983741424	0.6772379890493928	0.10933009412442496	0.878088501358325	0.7058174457283265	0.7932629160034453	0.7551974053348327	0.6569852393947684	0.8373368281684636	0.469151860835604	0.2559764557856469	0.3310421601863123	0.8308835528176411	0.4294582955102446	0.00599206391384588	0.5403263209213008	0.8550398680646044	0.1456530398732977	0.3653807107181323	0.4032570987091284	0.6125225221087064	0.8795421187616576	0.7955413082664718	0.7421439502630708	0.4155441568383599	0.626805050622552
0.6473387154850101	0.17046725905828697	0.5701895701686941	0.800017872009063	0.7376064861765037	0.5524042042741386	0.2817106920150292	0.18546641283232734	0.45391069201719614	0.40472694725692837	0.7397474478381277	0.37842428494780755	0.19033687470522553	0.7410257959478606	0.534268486106026	0.6963806413616745	0.7900121568508962	0.018985316161804544	0.7365114203001848	0.9172954217547615	0.032038888777307095	0.015478357822267697	0.5089655595573027	0.06515240253352406	0.6436785864996515	0.18018810194530355	0.7336928413257935	0.30894675244921355	0.2368340547778096	0.21448596768670858	0.387614056966776	0.7594442653249757	0.6009675855977334	0.4066504252913019	0.2609297988889354	0.4356163230087159	0.6382247701915992	0.5744877473293601	0.20722612732788692	0.30557211488652436	0.4532394809958752	0.5847675101119648	0.11579348243550691	0.6037212318890092	0.48264328525455813	0.9161957457651065	0.270721172057798	0.41495651503396136	0.2811167451605522	0.8278088861816412	0.8688269050503745	0.6984982934046139	0.7458643320366932	0.6286990615983187	0.6564269133363411	0.0614315785008116	0.9283059940149657	0.41008572973022794	0.6595832748194163	0.7071068248579466	0.9504344570198836	0.02540394751736441	0.14994090856252007	0.25711672969453914	0.8511624722521025	0.5713822640896543	0.7077627303642855	0.17496507454653432	0.6201328824531306	0.4437872917859599	0.29831505091564714	0.32738250885083287	0.931131499557614	0.6690217096095457	0.3900397887384882	0.8890687472720465	0.1371145114081498	0.8228809702375427	0.09425603434030205	0.6749661579755114	0.4428939839168343	0.30377186826883573	0.6886430607351244	0.4030132582800543	0.9422478966368466	0.306996396102303	0.3326144527517857	0.9625576368879334	0.09693625838575104	0.14998873594855466	0.23432250137910182	0.028783923670008704	0.491773507175557	0.8286601771441371	0.6626366252212849	0.11601173144673804	0.001458844061199005	0.6349336226983006	0.5480176028868151	0.7484240239448269	0.891578704517492	0.023175946766164857	0.3409340912307449	0.8270966907213766	0.049991330574377435	0.9815520364227249	0.9522787134990212	0.8837482153954654	0.4716624819076761	0.9977108965792643	0.9916991968981516	0.45211672618364984	0.9741698301152089	0.7179975875334282	0.4983014419399532	0.30087492487389267	0.18217076399403243	0.913498975201203	0.4821377341261398	0.7778638898690485	0.7164540537124074	0.8261251837134861	0.10686702353267019	0.702872781493213	0.22629499385234586	0.25699556126101997	0.5090273129429997	0.20131299439898853
0.14374262746609956	0.9504083965450187	0.612852839449698	0.3048525006829269	0.20297143979974053	0.8795145264260823	0.3979201481267538	0.7717370592376006	0.9785944550568588	0.28195385815223195	0.6233849945044545	0.3304445551645636	0.9358854453175123	0.33556278380417637	0.41380068501573697	0.2811072986655373	0.5469310245843277	0.0714539786829127	0.03779811219584073	0.602424952066705	0.12358363875699929	0.022868555384898626	0.25335729108954175	0.13221694358637248	0.6454638061771489	0.2594486960939083	0.35595235171759554	0.19285409876487714	0.7197446767302518	0.7051459226873962	0.22566050901734724	0.05323788566911014	0.2467279285177426	0.22216320443897397	0.8195732599964771	0.3335035894056063	0.34330154170849214	0.23064842502981897	0.38441286121831353	0.6413431996203904	0.06684848088959772	0.4169929418378395	0.637701329593226	0.3549997302584228	0.4865595803448465	0.33883652049506097	0.6785706510586369	0.9105451768953303	0.26008824792748186	0.28543334401932396	0.42638512393611205	0.09059365639084083	0.6861522119323475	0.0860258624060436	0.08303227186511919	0.08507741452705186	0.9233388417192228	0.3332183123374558	0.9959727659306075	0.2121706947842127	0.4191840123253795	0.9663263423173228	0.43015394898137504	0.7594119785681307	0.5061379583085384	0.8999469904083669	0.12418271962660521	0.17356368389916932	0.586288273745319	0.6530114207993994	0.993491748265462	0.9777742823299668	0.24560647482492481	0.877380734171587	0.01884616563844166	0.975415442185589	0.2491751724433977	0.65886254774625	0.8589511455488327	0.5541127416132339	0.35410755823217777	0.25681354379364507	0.8658518867818784	0.8869432890145617	0.4618363493588855	0.04430104628039966	0.6164303192291813	0.7102094312198661	0.7655413373718807	0.7770039563100937	0.7935819281665336	0.5682562870837297	0.025451938760195247	0.8847614829832392	0.5888271286841242	0.8243332874858627	0.410334142159419	0.1584526046147018	0.8246540209015463	0.15991023124483794	0.18441551757518038	0.3663083219028441	0.48184761230569173	0.8684443211602858	0.2963629669177693	0.1565856222659806	0.21146369321865544	0.018812735996297958	0.504491910946168	0.8791167482506385	0.279695206807688	0.24539998581074374	0.036712769546426216	0.19441841422711648	0.6887524685070816	0.41899438064890937	0.2882034199995318	0.35636663670327196	0.4281540242249652	0.1046133502304687	0.4768009640504538	0.18679266261362926	0.9060012992878324	0.5430879732425209	0.622989911190774	0.10570545063147974	0.4796256629346367	0.33851388929656445
0.5791073312820573	0.6808074561187117	0.18840188714429196	0.5095001195867682	0.9278400162707807	0.4190021205040976	0.12283931385200764	0.05925148223278287	0.10693548567766387	0.4459207742680138	0.8681942876979521	0.18508320348481344	0.3543587140669938	0.556645988967316	0.9041261007783812	0.5181722741342115	0.7823935781840888	0.29895524667470563	0.22004717880433122	0.8539987803797372	0.8396095074154086	0.09854498064174588	0.4446020386410211	0.47337695847481753	0.7625383663778099	0.1488481169530388	0.7257941352937813	0.6078988202526054	0.739815522430655	0.1430373053773899	0.21000748550715087	0.4325803424962177	0.3847815009564125	0.03940416405818903	0.8176802172939754	0.019362923909255536	0.06126296840743728	0.19309585736412138	0.9103265292219288	0.8316835815914237	0.1950121366283183	0.63124450743635	0.026549061271229468	0.5530761200667956	0.399147625997466	0.25424836398079886	0.9642104818560118	0.5541016295823485	0.26318859169030007	0.5090334225407287	0.6909257964752167	0.034376907229338616	0.31364734914200143	0.9538161802660545	0.04076453087320864	0.7625617085566968	0.09805511674809098	0.433788902651969	0.6551926112916493	0.5273886035660167	0.9419799673117423	0.6515869178709343	0.274796352511113	0.14743512613592857	0.04557901173364598	0.35805886160842726	0.5280684028883516	0.24832428037637821	0.6841548386366335	0.09024203953109866	0.8124721632873853	0.7717540840097071	0.7189004743578598	0.04772042055724657	0.5307523814632573	0.1616415636041828	0.5539028535059256	0.870505946243079	0.8916962107964355	0.573617811036442	0.8686157703167025	0.020099075745690476	0.6051064938206163	0.2876003618298888	0.4754794464175158	0.4005199675827432	0.11907949768488257	0.9315249881405994	0.5551223503597743	0.27697844835063357	0.2935740721973591	0.5353452281330201	0.6432662889091874	0.7258198842617081	0.020830266217584215	0.947708778412524	0.3809467863308711	0.0858245330273194	0.9883960880631245	0.1346269734906842	0.7312860798760467	0.5252591317395905	0.2353678729407509	0.7782234604397271	0.9234237832580747	0.15916092463821174	0.4673889146904421	0.6124938713330931	0.649448971238174	0.12616140776124274	0.8492081343924899	0.149164530974921	0.37039440451627104	0.14291686091584777	0.7868681310577346	0.5199540520058893	0.7519529559656256	0.42780056045642567	0.7831125645243745	0.03546550785161939	0.9708349836587952	0.7488670439954057	0.03175796966399913	0.4330653654714687	0.9151072748764134	0.20014803728738906	0.7100066382412896	0.598708268315846
0.7912427734564739	0.4320400209041215	0.9651718501832803	0.0736266549185608	0.47104756909173195	0.6971458948128776	0.03285963897331101	0.3393699707453788	0.4564596193302405	0.8398022543549694	0.699604179820954	0.28686720299696933	0.12377479845774608	0.5297037858488153	0.12784394876044292	0.3326388200193179	0.1415726395230863	0.34382969011165565	0.4277491868087766	0.9628184154588236	0.362517538460126	0.29341255583086967	0.14135328897568433	0.7691454919477536	0.6729346554332776	0.10469055658918891	0.08766457034465547	0.7173640396302923	0.08041750155680427	0.5165823967475492	0.7370810227131104	0.6350246884388181	0.19435245528789258	0.7744372863654041	0.5278392831840343	0.840136930063032	0.49938676632794377	0.975919136353465	0.3729835100898722	0.9833887414194395	0.5028229850426208	0.45356269713976094	0.6538132177138315	0.39499439298882877	0.1147219458297104	0.49448184126277106	0.391711045063034	0.9498008548537631	0.46849367413019805	0.8466795523150372	0.48208787797113795	0.9902719567510483	0.04625191239688742	0.6667501331118598	0.24736092186127467	0.07914020201988425	0.06573672017128485	0.9453511677062969	0.07764978314398041	0.33027566787609697	0.45673457409489127	0.7570599619052532	0.46480148068463756	0.7070706756204196	0.5971111833186635	0.7097324821239491	0.9522133487057786	0.18833347312752768	0.8386602965797981	0.10176907547324665	0.640772077284165	0.9185994641048886	0.13409960959496836	0.4262796441991483	0.11210999539921429	0.3192149764667822	0.49194628507953575	0.9778152058563235	0.43406703079416487	0.6442922128896279	0.8219731674298273	0.49685767322237184	0.8128405760160146	0.4663242805641712	0.5304010167087525	0.13643152438856032	0.331895543042134	0.05799149115646285	0.9074860064209314	0.7516281112985043	0.6676660095833769	0.3995595708072478	0.026854742086513728	0.4734614250427983	0.02837716645620514	0.9314618097867348	0.9792793932085135	0.9682495087525829	0.34769938512351195	0.37449991892850565	0.5987295447279589	0.6567410820080971	0.060286850489240096	0.06119886524363283	0.9171657808374918	0.6485087177841996	0.0014308479455233947	0.42976801585125024	0.5052774589731814	0.15414130179884356	0.3007596894364847	0.6611231902872082	0.01046125907989981	0.14916583967232333	0.9079434762829285	0.21807951060584196	0.34387280060757464	0.6947839479726294	0.08254867925719445	0.963143968150353	0.7754296460073314	0.469421548787064	0.39130391603194414	0.3691199514029403	0.9141771063092408	0.5875554986423375	0.8308498087954195	0.9710274392577859
0.4867806888055397	0.9337890663990814	0.8003286346238307	0.2833525263077854	0.2636265193345255	0.6917157146805034	0.6224335547732585	0.4301324872168467	0.1539487661512149	0.8242362180045427	0.8662232314478865	0.7470183465475089	0.9651753263287388	0.18155195108846345	0.35959606890065865	0.9200925477944227	0.10178083742757005	0.5332143333195742	0.6138575926371304	0.018586362839756787	0.0995822786596745	0.21816536148279886	0.5752716179474298	0.45556784028884934	0.3798019136677101	0.9857874686092052	0.0866547236387708	0.7782202604871882	0.8034504768757466	0.7324518994821649	0.14722251472807335	0.8101974771393163	0.5883096837494609	0.7204534319466102	0.5090644052883613	0.6387708086562873	0.9619773650155163	0.6205449516871129	0.5677052269060129	0.02032600632642001	0.23892142619653456	0.801431306007782	0.7221032816672435	0.09739211753113286	0.8484003168013642	0.024573113680414926	0.4401628931450098	0.47599818971604235	0.9047404684107648	0.23475128849343718	0.9877747635887446	0.26304688494181183	0.945624217521076	0.659008459836123	0.5397263598709651	0.5005086971367693	0.4986385179545314	0.20519749561279943	0.8728867755767857	0.13878621812195735	0.36171620324676323	0.6531899995984596	0.8973991376729862	0.056266543358265864	0.9426302407801141	0.6445285627444152	0.5416821696488433	0.034516583570827986	0.296588090369281	0.4870589140953553	0.8308763546022166	0.6401103720405144	0.6050474124979106	0.059245957103576274	0.8932776117931904	0.16848809155725264	0.6477729965636625	0.9555469653898196	0.733639565541372	0.8565056558492733	0.5475259370617702	0.7246574396954183	0.6414598619604582	0.6846693368114768	0.9259690933592803	0.7864728114608011	0.0649926786943672	0.9743110213610529	0.9655753224455228	0.1469484119099399	0.004574054451810028	0.8082658581132841	0.8662689736850315	0.17788594108375466	0.7142064021054799	0.6036573944061783	0.15219073662415916	0.998905693547571	0.06990727165436117	0.4146027167843509	0.5424185689759592	0.677763136959806	0.7274342770093881	0.7091802252927586	0.579830443913796	0.8133242954884586	0.12024333018992495	0.4548639953082708	0.008894602570803989	0.7850321921939482	0.07210475119140292	0.16484985943238284	0.37041323346199795	0.2827264251162398	0.1585413043134245	0.2539882835509286	0.5702171372354914	0.20109478948419146	0.37713403053087635	0.4567141148807333	0.9068251573174692	0.13118939265333807	0.11280169715411748	0.8056303719844525	0.621090311855697	0.8556551085905404	0.8964443560290338	0.4767905179208548
0.2596781080474795	0.8836680522956408	0.2096129471799114	0.5414277178952499	0.839551269428186	0.15550066417903208	0.4181893910674036	0.45100186480494087	0.03376474247077177	0.6976314132307683	0.802106091457386	0.5452124379060237	0.6340325148276074	0.031967655254284355	0.37324433787418876	0.9232615067507621	0.48539735656892613	0.8867233140029902	0.4946773906368237	0.7359648780271291	0.3261740796400361	0.72552166696828	0.20784735770045282	0.23257083794656097	0.5162343784326225	0.9624955984906222	0.16400566709334607	0.5827111740065641	0.4033054939665346	0.5496871414930568	0.49820071479465056	0.4700554947255289	0.14664516490838242	0.5126839900460615	0.9481925752514532	0.955428159699884	0.2317607822603044	0.577985870093886	0.6016977388459296	0.6742705727966689	0.08801015725433892	0.5076507596645321	0.142675247492411	0.9380588484042438	0.44663695167480877	0.8959156055306831	0.32500596675224847	0.33060947690837206	0.4044291690806797	0.404769067377436	0.3971416820332262	0.25112742487971584	0.0003023932265929785	0.47629776087749676	0.3996515589976779	0.498224198215114	0.29314720969241703	0.15959919617498708	0.19560312459245988	0.8595104908292247	0.9217866817698092	0.30576459305183257	0.23096690366762707	0.15354957630865995	0.5865076665487949	0.38307632225771815	0.3792242308890431	0.7282192877100955	0.09495291511045145	0.16455938234023226	0.5997367479569324	0.47230673786906197	0.9586606806440218	0.5709067366970075	0.030165612362525462	0.41007872390489486	0.06760946070148266	0.40900390185111624	0.6113592070126016	0.4147812628989559	0.018075579227141092	0.48131430211294024	0.7531797174683456	0.06978204695228662	0.6368625368347216	0.1429373817197066	0.4441097804102103	0.2801974240379679	0.8391107709057862	0.7048787620290388	0.588120714455604	0.7931670299597832	0.036494887911745155	0.9743562456352949	0.3182374192070969	0.8704086235748612	0.7780987950558493	0.1357582749012114	0.7386632636247069	0.08087641651291111	0.5908471267996276	0.3587598243664354	0.0014273343862105659	0.06756904695754484	0.12739974054994951	0.005379453917345289	0.6627237186530919	0.6618281869132457	0.37088184308566274	0.4007544843858265	0.28827649659957066	0.38444958345885416	0.6701069880555601	0.11142829394116838	0.19086752306759203	0.5918442620826537	0.8199124791778456	0.04195225155180837	0.9526901855338767	0.28293987922882824	0.0902060592625854	0.8389560358333108	0.7685608750582736	0.8075342151019292	0.6901360513403886	0.6898309729609783	0.02526286651719667	0.9633447389943596
0.013094611000773693	0.6551160202405315	0.4331208099884446	0.7147785785006192	0.45882655433103214	0.956944192439186	0.6247041658045959	0.9160596555747517	0.6015408481333137	0.5711940920684471	0.8738990983827484	0.7629252939781379	0.3331056249207155	0.5691144548921566	0.03663297433015489	0.3850754332817905	0.09439527923228908	0.8051695408264137	0.5734282120115805	0.26158151061744006	0.06572136670760154	0.07270096539552962	0.6840155488124373	0.3105995578843562	0.4578586846582404	0.5674607126161157	0.21312226578409343	0.6683111604151681	0.6801688783925108	0.4919094596924001	0.7058261539709177	0.24252673629052102	0.36831846972221005	0.16981079679444033	0.25418288399921984	0.3583587612869791	0.7137595869088751	0.11092352774939518	0.7082334985038756	0.043423914648579975	0.026841864862795606	0.44895014339218686	0.18995374073024474	0.9899987323515351	0.6305750660654443	0.9259289797052989	0.9747739174717536	0.041015797814749955	0.9030498019685592	0.34680421701058384	0.7983184757101904	0.531815088743647	4.076632791238932e-05	0.06893656743627175	0.06593737696453539	0.32959618742553076	0.3851885613945495	0.12488561638333195	0.5274178456866335	0.4366211597359885	0.7052272326429144	0.670401267225577	0.4515790990394841	0.08148230707245929	0.48357800586384647	0.35696596270875924	0.8122939927315579	0.585616205847146	0.6320018164496205	0.33942707563678565	0.38793423671274474	0.9920388784408247	0.40563808764287856	0.06595360842434472	0.47884341273342634	0.06700358432824971	0.5492500468825271	0.6622575615698462	0.6254229500840439	0.254769619837778	0.8276216484466156	0.3304796247985161	0.285766238336048	0.42240248523546575	0.6818679157099516	0.7538300958891546	0.7749190097103212	0.32468258385111815	0.24003610924400043	0.6821348425022739	0.48044330341420294	0.16459064525772882	0.9594755631267248	0.2897572045986696	0.1449640676331736	0.8132260355261238	0.46146804760931737	0.30857893586651486	0.3297220218489908	0.9491889149283357	0.0610634695354233	0.057686672084147905	0.1230176996564184	0.1487209310688934	0.4472214293060697	0.8425085444821955	0.28293151635620006	0.7198749015903961	0.6517492471260453	0.6405444883229988	0.3080106915645464	0.948252438819224	0.06649451560545738	0.47752683281203845	0.5172677615713749	0.07443513461555096	0.7223878671758116	0.9253658065298834	0.7955805178445419	0.07192829360486908	0.59030913148099	0.09179099395471324	0.7783975395738253	0.6479864303384218	0.3760741197649494	0.9825752375416849	0.5075109811168569	0.08911357287256527
0.3375539543225474	0.6944037451283653	0.6266903571712191	0.23812340196934223	0.4689405829412402	0.29474052946131024	0.5011015975533678	0.10051760575463808	0.14364509969460149	0.3108499224462189	0.19603855590811237	0.8988008023608486	0.07765379577625608	0.0760730321071571	0.7172565552043638	0.17504953653508037	0.8427715917208569	0.3101858104145726	0.7874047866204725	0.11521276837199546	0.85583791422378	0.3397369539576459	0.5510416603219852	0.38980580659196395	0.20279553157471952	0.38836214051534435	0.975291768891376	0.3650148582676791	0.36109022629421994	0.4349861586212317	0.8234864638803637	0.7617557361008496	0.33299420236497945	0.43589040953165803	0.10865773728482753	0.9794053211231921	0.5842284445973028	0.3856305875366661	0.2699877703447153	0.3822493820996028	0.23729290824790528	0.5534732381771444	0.4003775297935761	0.6607927738970163	0.8570128180807604	0.4879178960241415	0.040076786751893745	0.9701492224664964	0.1025054669520612	0.7616252009623717	0.6875025334988447	0.7480671570234316	0.8916823394867973	0.02971658723399795	0.12775439331043648	0.04551218187996797	0.7166998360986796	0.35989964814355646	0.9377120004041407	0.31199176837350584	0.8757965392753897	0.1953040718685759	0.5572708920986373	0.9033544695166513	0.9800940378706525	0.7358654201416062	0.2875128602182496	0.36993037531942163	0.4239550820756255	0.02806993933175872	0.25049317573784	0.8423364798012295	0.39521702899258404	0.657296870595889	0.8588690667590468	0.34997693706728406	0.49874570454802913	0.6851855303658698	0.8480195665657494	0.3318959784084641	0.4573856691287972	0.6213897373216679	0.6288810166826723	0.9660378082717045	0.3398180681988119	0.745541476960502	0.028436012922223197	0.6094471184259661	0.33885604612397324	0.8948745379108118	0.4992200840111377	0.9081205075400887	0.36491598990262375	0.19490697589202266	0.5343266792640172	0.5526009634212503	0.06417769148529007	0.3023055017642756	0.5032597516584741	0.22175727598801354	0.1500592634686525	0.6420702885511823	0.5493498901019929	0.9445072936302559	0.23269021715270466	0.23588160840860495	0.36455596699513027	0.2772055119347058	0.8433758725939149	0.2629786088523225	0.647703585233514	0.02399890160247309	0.46848101876076564	0.07473264357168086	0.3320287077787103	0.9124005821571592	0.06574224798208894	0.07471095378896797	0.8029526902463456	0.9449093722606227	0.7187759758251376	0.048486047846650004	0.38467737232455235	0.5110079772432868	0.6496270200110109	0.5601056093007701	0.31141255048272576	0.3889955895434324
0.9898128682750893	0.32032575710060796	0.7601897912463316	0.27141145708936576	0.5599065119487838	0.14762257088411213	0.4621367243574406	0.377026247532555	0.5607112283812652	0.7013451199431232	0.39298786367126537	0.2762348460188635	0.31788744574675276	0.3913959818321884	0.24617073401263057	0.6176848421119179	0.2296101552077533	0.2781333098202997	0.593226447119037	0.5877140137154022	0.8395117124825369	0.6924164359819044	0.10105074528028879	0.8085184712622953	0.10752716446360944	0.2912104569399535	0.0002704834170927928	0.7847452248024528	0.7256502647295356	0.7102478511377543	0.48084092647686294	0.33478060875952476	0.597488562169834	0.9679759125879194	0.8455530165634891	0.191879768745997	0.6243508829060065	0.32989630363544864	0.4876046510667801	0.6869599640027516	0.5071625148240986	0.4222571386231523	0.8606631735987149	0.059930328479827044	0.7275364548649703	0.9475382661768671	0.07412135707027956	0.3976482497257725	0.9275075875206512	0.22210017413936067	0.29091126585309257	0.22811731714427153	0.1764661108860388	0.888872543874178	0.10045632388234937	0.5054799235411159	0.898441179643573	0.47691237841908385	0.8628085032838827	0.8497228664947881	0.015759291880830584	0.5224299711837755	0.1948565174687008	0.3908566696621186	0.469079911725522	0.07897748046164377	0.07794471056022034	0.5767080283988306	0.5997531722775776	0.1023289882484324	0.7532340026737738	0.5909606636413511	0.03385502040400601	0.5764981077536008	0.8292468192874289	0.9055909377576403	0.08788908121886341	0.7084486141499842	0.5540415536659087	0.7721912537331395	0.16141150932434845	0.2075293826790362	0.4881222506710454	0.5904567639682906	0.985558245324578	0.9945192424930726	0.3739793604822155	0.8369673328490306	0.021550989357444372	0.33975853408106005	0.7811481215904912	0.011576382519968842	0.6234145190887067	0.5447105235557969	0.2497104592342262	0.856761496292537	0.8450492091945369	0.8708039029118235	0.3418727986147104	0.5065212155322533	0.012548079800627332	0.6829629328727916	0.6296995476919237	0.7737833441892022	0.9056051406009775	0.17335900354804878	0.34743454618180714	0.6947389387978317	0.09857257749853388	0.02641292017721164	0.004444084843569396	0.5779462209831935	0.5720150850635327	0.04799787514455456	0.9095092182905302	0.04449507645360262	0.34946542419999893	0.5541146034453602	0.7732537357066757	0.3576433527809437	0.007112460919117658	0.8513444116871238	0.6528219628296538	0.5863025940263255	0.6085282196972756	0.17204680411157025	0.6850621749903011	0.9846348466628527
0.6638655463237941	0.7668555816110956	0.25267967973954286	0.28191429261992573	0.005842882704697794	0.7719777617158694	0.8619470650475632	0.1763567210958219	0.9710453233327937	0.4661812900616681	0.6302981234271453	0.6289085682682435	0.1719839778892558	0.5810936949691572	0.18127235870731317	0.10075898785907822	0.5986248920208901	0.7417505836766968	0.9384153499031728	0.1758471776292555	0.6897396638967547	0.05795701488458016	0.21081781694816437	0.9214772563299369	0.1802056355987539	0.9138989642129662	0.29937410951478327	0.8895694830354476	0.803952998848222	0.4298582670706189	0.7931342053868138	0.340897893594159	0.2875308304791322	0.27655956867549136	0.1935133905551204	0.7937034893839854	0.49597856951175323	0.7928716859163407	0.2854012781931683	0.5855038954322701	0.21417510135901474	0.5322088844536161	0.9724099698555648	0.024500104236896858	0.23968347895524034	0.857627106856477	0.048314109608901035	0.9910616862008353	0.8130594169915448	0.983379196716231	0.038794259696446676	0.05387451671834653	0.6506744538529419	0.303771444952078	0.4422819003828212	0.7045765642419702	0.5604053254740731	0.12821114997194172	0.5651654171577358	0.005376736715357211	0.45123869352911317	0.021168081370007252	0.9570496884203278	0.16362877072160265	0.43653679066154516	0.41876959975628425	0.030066767458339805	0.295531750380284	0.19516206061670527	0.2070123825323117	0.5700285106515864	0.9150626417317927	0.26970447237808526	0.2665969229216473	0.8539217276005474	0.9624228162639408	0.2922532147846023	0.40472572936393747	0.23633085113181518	0.6298294775609512	0.11994192653301305	0.7027384266114604	0.6312508297690923	0.7225889321651571	0.9990722973180619	0.4504137499355305	0.6567532358857759	0.4423639294784939	0.5666073038932872	0.07898936454569228	0.9239614701628426	0.2281020466391449	0.3668628098726695	0.07462122424758166	0.6843814411318657	0.14412106739393926	0.14595530319345695	0.5427131710152147	0.34354245692894236	0.7868347273713721	0.7496846333497305	0.4547808459399695	0.2565565166689673	0.46978886812237375	0.1521362628349977	0.8418512322956271	0.20426008787335692	0.1434327726958441	0.9924373411689755	0.3122996737634641	0.3991078134177585	0.7569269399022954	0.16940857895981676	0.1668372778940519	0.4814936226730554	0.676497170674011	0.8931270502911384	0.21965803145724405	0.24802361996837485	0.19452224183320244	0.7684528798252525	0.7919878578839067	0.7524994539557224	0.9045061271304023	0.33960851244352785	0.38707124554024996	0.3542649336804915	0.9944401512648632
0.17331247867646415	0.26414400259756654	0.5010386056968008	0.024494007854127697	0.3905615898815368	0.5150296624923894	0.39861989928105	0.8640442981041163	0.8059184677245352	0.5027392238471289	0.7449443656232738	0.04829873746190494	0.4542930633505584	0.9938756747128356	0.7258203660988175	0.7441476815195889	0.488031637319408	0.5999950681475806	0.47030246582851676	0.235866359540845	0.9014440432448991	0.6519885615162596	0.28756482638456793	0.2703370513380512	0.9848015306662309	0.1292701563262808	0.19090881224040113	0.7340556062004505	0.21038241590233187	0.6486989883234302	0.9554640382582396	0.36631669060516503	0.7392250854352181	0.45733766056649017	0.7220900131548782	0.8690659477915551	0.09657284998957127	0.2603125681745254	0.27966506245003164	0.9484865969036986	0.5567528783998685	0.3577931845915887	0.9377383582437496	0.744882285121079	0.3425582909662719	0.12408869299192549	0.12486516332459485	0.6788827503659893	0.7760339414827235	0.540744915657831	0.2266899265792166	0.19342407966554664	0.7812385127412085	0.260925547673167	0.9322493172222471	0.8621008577992788	0.9832558150609197	0.03153868507850388	0.29753749460045265	0.3059949721391383	0.5743179442363279	0.8057793576246476	0.02749230606596831	0.929675399989879	0.627773190526559	0.7226668768936019	0.37510457057656443	0.015614787973530775	0.8125300894883328	0.0051875660577115346	0.9516733140054003	0.18411975434212569	0.387081040348192	0.5313412171885326	0.8817450623633809	0.9643104415176527	0.18143964394416767	0.6435750885587309	0.8082991818622487	0.7917739736042225	0.5140536831770066	0.7980807735231117	0.8934608403444765	0.5664095930795865	0.843105411282328	0.38203572123897234	0.5311723655111148	0.290078928524256	0.8151414370209801	0.034981848159894136	0.8025785364524036	0.2742806631629151	0.29694679233843013	0.640388573175439	0.4644980880081735	0.45516939603963025	0.9486324231629127	0.8115099790676067	0.14704749731293998	0.7593749212642057	0.896807597040241	0.035648072665012465	0.3237021040081074	0.6125325733893244	0.8218252765137545	0.11246059490469662	0.25957576371629854	0.1637111779014182	0.41249211948390885	0.06276170350678323	0.8144083078539374	0.7693291237073896	0.18177580507226854	0.9779873223777558	0.9363830186789226	0.793529567030343	0.13151794444827558	0.9452710141193396	0.5883946884557651	0.2910399959268506	0.9872360441664156	0.9992246453114088	0.020973785257148325	0.7127313521001329	0.7555695218344326	0.6099320567415282	0.22650441670948485	0.6748405186299447
0.38371431763340214	0.6955655976623496	0.03639785774058457	0.307079468179276	0.16630489280931993	0.7768342795148708	0.07180583384984274	0.31640494478829373	0.4164659983319633	0.8416208603893497	0.7257394904610859	0.44973448289721263	0.7532538068530777	0.1855108026959974	0.010718610396736494	0.5903824957055599	0.9753472507951082	0.20429036428856528	0.18243839897785397	0.4389452990772723	0.1379358326146437	0.32719913767993614	0.705489722761598	0.34779171543549814	0.09945520821560505	0.06272937341226381	0.5515291134766221	0.45408760570931617	0.6421733412766609	0.6134266794424922	0.837088132184764	0.6818509373703122	0.7555379852182196	0.9394855299690739	0.847399372623145	0.008061130801695016	0.5385229710518044	0.6129806968076464	0.5972422700844063	0.5005671995292167	0.9245543239028327	0.46199665423881187	0.5890734340861892	0.47963301202982	0.3445341674506591	0.9657580425398704	0.7234003731611689	0.3846155644040382	0.10563719289987827	0.18514526591265246	0.6254608819521761	0.09274528342166877	0.4863165053090581	0.034017740429981846	0.8973979065532713	0.7149625306538785	0.17470346622110666	0.24017502343704178	0.6996110905603098	0.09293195447323732	0.020527443389727118	0.19353078927133593	0.9209250624127076	0.33478522296901814	0.976697870968208	0.31515653587438064	0.9738392236973946	0.8837896013989271	0.9776399149417412	0.8289796633923672	0.314814348199539	0.9134534210722715	0.8299894782569607	0.5982907365547151	0.40237355894282034	0.4523606905518138	0.4099635862723161	0.2688063356291531	0.9495663761088348	0.2507710798125702	0.19261610910260885	0.4720389739570675	0.7724565709407876	0.24790012452921417	0.9784508483350615	0.2649075424015108	0.35775255580205223	0.34355633596102286	0.7991690994823845	0.8293004913675461	0.29399624260567114	0.1599459409438172	0.9426502044344115	0.49014401729445545	0.2786748038013046	0.9398515045261496	0.39811749234948	0.8941650902660564	0.038819841072885164	0.17139423845764368	0.38251286149420294	0.6900572407482148	0.12292863329110171	0.7719229372901476	0.5828682355893913	0.37388931432255823	0.3648904264707694	0.9238881368783144	0.5594644672231365	0.5545416658164563	0.21255945654505004	0.34857893332917356	0.8389763492229281	0.9886311972754176	0.4275419743165222	0.05156982249126707	0.7096681051601228	0.07313420570466933	0.2698936624734901	0.5004143256182718	0.564201899893512	0.21282477201951888	0.7583129160463659	0.004475645989915122	0.21071157488443004	0.04957035868971593	0.5094342165656264	0.08572272867552122
0.523364693699584	0.6903778268140646	0.32695428021544726	0.09713269852243378	0.24046018634053867	0.8755743588094262	0.7823997634734807	0.244657734478947	0.9499872086502903	0.6688908819021742	0.35509956077951155	0.4205053957077157	0.12925789910537433	0.3248439151320973	0.1645422718996178	0.6603752024912308	0.2789147367105166	0.9833291783946357	0.5026068007693778	0.6184584416949822	0.25120960716272633	0.39052798062144634	0.577976999354597	0.4415135974693962	0.3500598155369049	0.14701608980160774	0.28531889804108557	0.2410940144484579	0.9888924621148927	0.47071772272504075	0.7698169019596792	0.9335699022942027	0.8073268196470897	0.8620036684251262	0.07934571766281884	0.43767678716607417	0.6263924401892299	0.6231005460384591	0.4603077471784184	0.7585924148148657	0.6095857248298293	0.21469119168048256	0.8726839128240266	0.6235093708449511	0.8021756915887576	0.08539547824231442	0.6940126980487488	0.8168255745223493	0.45162742987756954	0.356133419987425	0.7292914647428372	0.8786401662633765	0.4559066402729164	0.9356844617180455	0.6549587304665421	0.5034735157195074	0.4367429004832297	0.8352171132106836	0.9741920407723422	0.572180047899138	0.19326535733445693	0.3456888369031773	0.056248758377779096	0.5133604783621885	0.1341582266508493	0.8237148321696104	0.3193118783728234	0.2891637993245997	0.6728999018577378	0.18544480753460857	0.8872088619958279	0.8192096567889761	0.03855349821380527	0.4270408847759759	0.14084544646667974	0.1510736456358418	0.6601540668762945	0.052398639424019344	0.5494357274587095	0.8484958370278183	0.22531304569356014	0.6376490240456149	0.9595416733636679	0.603000491542294	0.4815322825910374	0.9304392545707789	0.5113763957269454	0.25515837290606735	0.37008434552739733	0.8165809496022838	0.02287592566863661	0.2797990031394205	0.936108059915437	0.761844903014664	0.4618887869900812	0.053785359044347336	0.7630988884453771	0.7735084630040509	0.63940092002837	0.5038566315843281	0.7757570676351487	0.07143825954884164	0.21568561690697952	0.17588141719863704	0.35207848557228183	0.4702694672876997	0.28278275681385645	0.04076294504042277	0.32507022341276914	0.4622996106383731	0.8923449793004943	0.9885393344279102	0.46954076839300296	0.2771348358961445	0.20752992526711056	0.553063349513636	0.27526013660096293	0.1884266807937498	0.1275955274393955	0.077787437767177	0.3083278250231336	0.1465488476320661	0.8520627106267783	0.7483840436742635	0.8880392763264954	0.8855095005126734	0.500268005006026	0.49230397643569723
0.9185702405050654	0.37956439243775597	0.5652593764400196	0.6215618374495709	0.4204893639811754	0.9810171145154715	0.02391064008558652	0.11468056431390428	0.7068289845799722	0.0911069967364273	0.6944793676659808	0.9363910604599044	0.13753989588433868	0.5129717529100926	0.38160964083379545	0.8243179516720467	0.278451569369741	0.5949712871930785	0.7851043410901165	0.09976245788742244	0.7644883615284164	0.9280864040971869	0.17225749634810006	0.4081785931180254	0.041742914671452525	0.7949722778383168	0.8219747275034428	0.8869900025316674	0.21024579325878734	0.18616070459422984	0.5607004563216937	0.5590970245296252	0.240464741940558	0.43796543966289836	0.8404599153165502	0.5840972910703996	0.7232803444582016	0.7142598441081472	0.8393647987685228	0.7380983314680807	0.7125002182399609	0.7389268018237444	0.29084724056852984	0.3777912765384367	0.18176355829911417	0.6642037175107571	0.339243743882792	0.5658316729974143	0.525259104610558	0.9337397018014716	0.1635823837154794	0.8151844926271329	0.9260631862372023	0.5287527697834864	0.7628136728403301	0.41628831248782217	0.4259028519499106	0.7169746762084591	0.9208342712861921	0.834029400001164	0.7389515137381508	0.37074186305703727	0.44593377168725334	0.34282978677138964	0.9967618542509151	0.9764233452078914	0.13084683950285225	0.9146090279870442	0.22971738531593477	0.27838324187718533	0.4651752175826146	0.38874226879236873	0.22151934692726394	0.74975963752107	0.20099183397130904	0.6167539125858265	0.016227028167080104	0.21752111476544778	0.7700083986964978	0.47639824111114504	0.16678739701679124	0.027488559711830063	0.31238834828124606	0.9823825486082476	0.5893212216023656	0.7635151656871761	0.8046564638523794	0.8072882845617779	0.9304551755744674	0.4264302322878184	0.21971260069413523	0.0055153549617433795	0.6779271372114754	0.34151668104774	0.37706409928362306	0.321759348420943	0.3351532347424605	0.131779725439221	0.45632760498256664	0.9841013532983593	0.47528829011802987	0.07938236383871211	0.6195672471648692	0.4239469613991793	0.21545401858116997	0.1647986160308551	0.1464432900995809	0.8763339184884694	0.1923728084502122	0.12205642873889155	0.742557974453315	0.9503592188111702	0.1716588018073092	0.4871303263340223	0.23936982607655732	0.9472839931931116	0.6723089033036505	0.279523316929156	0.02873370892770366	0.3648994931070275	0.3645342206459644	0.297794330726335	0.4445997722004491	0.014035841442463948	0.6363186783280267	0.37515805323484075	0.08989772797137086	0.19962162058739463
0.7416733112000594	0.6279529401224133	0.7045238143533042	0.9154743667792549	0.8381730230488441	0.5510708892738857	0.6537450596244296	0.1875809394397676	0.7424518857532317	0.15741488584128105	0.35194853807123816	0.7587161449784606	0.1509147748201778	0.5382782515715835	0.3503747943332287	0.6919865140999597	0.5726846266566392	0.7961009148211382	0.3710980903566574	0.8410407939059383	0.1718770054638875	0.023596324708288874	0.7114773425625852	0.14949910168411007	0.7910182201414444	0.46073795816351915	0.6333434842595973	0.6244771883907551	0.6889618793018564	0.14398985096653494	0.711001244187643	0.6016510286253073	0.735867058618828	0.9490834307617892	0.905818407964511	0.7139429592010126	0.7127623060242508	0.6165707484521665	0.9674278927645552	0.48554965783437654	0.2364134152646058	0.27359147753075463	0.687135997589823	0.22534083664804871	0.10389789675074557	0.24033635246682872	0.5648656471138251	0.10996048909114597	0.9008833430752344	0.8300369298186553	0.4735451994814329	0.08062859628743535	0.623951272542518	0.2774761850797055	0.3387174421347341	0.49574996637392743	0.5956870917543182	0.9547492987548051	0.2647339430150244	0.5796644956366458	0.42111387978495385	0.2164376606812728	0.6975236669916763	0.3339161357313999	0.8191140370529345	0.25393270075045593	0.9838432844584517	0.2682958759136641	0.2969628723674379	0.816180082554164	0.1304310927266391	0.20016325614781583	0.9498841055345855	0.17607553253619213	0.3645893856623532	0.9844709198497166	0.9662545006320384	0.7358036295809863	0.7912830391445734	0.8883891264378914	0.6478601800430258	0.28431321429023304	0.6146417264660735	0.8639478954806382	0.3365473559360358	0.8917185066347253	0.3107550604509539	0.12914896506164408	0.4786305765929664	0.3028145278969212	0.9436951304133367	0.912535657409136	0.4199151614043367	0.4463060009084502	0.5650242083500416	0.81003316566686	0.4065400435738523	0.2169367949265416	0.2323655428137491	0.5344247338585152	0.4844364908567006	0.3355252369441526	0.1994977245777837	0.5047007654837904	0.4249708000986231	0.5672729630844557	0.9437250839212268	0.24041233945376983	0.7617517581799383	0.2826576575419133	0.37786496642125733	0.37426778537217775	0.6715008987633673	0.017394841932607208	0.17576437471362705	0.23931060701503426	0.15397322475438224	0.7217848742702072	0.3944131917473186	0.8003489286198339	0.3666841554392509	0.41527504505943735	0.9391185724577662	0.841539510606898	0.7633551798364056	0.05725150232996068	0.5021176506975313	0.5743021163334258
0.5744908851395722	0.661543486177293	0.6214349799439792	0.6811278114937805	0.24296913574797463	0.32278304124416346	0.46304184698185324	0.22392604621142265	0.9053734509467106	0.23149800237392515	0.33924433521956654	0.05576224448403	0.7501911020929429	0.4702260771430484	0.6871433446122018	0.8113376319325781	0.07097596145372931	0.7829960546686121	0.7503030800767364	0.14243529970404611	0.44725221486327393	0.09673487899004662	0.9626836857339989	0.3204237749602521	0.78417980690939	0.36383977724029715	0.7871102179109412	0.6488103210120905	0.14909163656622337	0.4120706335719214	0.622756517851183	0.06779879444352732	0.11446972360051388	0.5519884962442335	0.9283465248240642	0.9912996308243994	0.5124468380745326	0.9876666932754572	0.20827577430757327	0.2279722921933952	0.8863267801912793	0.276790518779773	0.056459991191743164	0.1298871840323934	0.032507186037942226	0.5070991054298568	0.39818499064125235	0.7950320814083798	0.7838542652853844	0.6732586600964221	0.14028922319314985	0.3631853486230574	0.9369500371017574	0.32756523814590244	0.6188071458284788	0.43602134244579416	0.08143580524083782	0.5903123613440929	0.2734647988412485	0.3594438686727701	0.7821640573845898	0.26278177853466866	0.1679349473888737	0.6946621446617585	0.39511834574557847	0.9283077156985303	0.7974776717234512	0.2903004244843982	0.8892544627163973	0.5008618622516446	0.8323917997347724	0.007120825472003434	0.15216987426556083	0.41102431426638175	0.02131387955439268	0.7478787194497494	0.794138043901856	0.454716876378797	0.13742350027813754	0.8674513832304666	0.11014271997765768	0.37933769725554645	0.04864502628017919	0.031075808894139856	0.9193531356839394	0.500266711025377	0.48908071634225336	0.485250388198058	0.5817632608935496	0.2848569017228588	0.3848135687929034	0.7659208300185258	0.010307086932306753	0.3105862749174544	0.27342488945347165	0.15782991090664167	0.18117206812832887	0.8391802445036272	0.03964777975478084	0.5357218217572548	0.7271823564855695	0.9592961600907955	0.7651539093046795	0.10239971039571216	0.31287559771908613	0.2916872448258123	0.8842131561887577	0.7834944238565267	0.9248786211068106	0.9098608106551919	0.8327250489117024	0.04752082574729366	0.6092934967635553	0.01000202236520864	0.30693823226833483	0.4755858208950009	0.23407917317359883	0.20254360125513893	0.6963007212433227	0.5093594245823191	0.4233164816780606	0.2534076119267846	0.7108738429472042	0.36107709740998817	0.16735632170963743	0.26384731334909584	0.563490982652937	0.1250297470985815
0.304467438464029	0.3417490265781087	0.7234644518784686	0.9207073417236209	0.3801438507762973	0.8366777264492956	0.22256761078185694	0.9253184885807478	0.7619140538530685	0.20123110283268453	0.562661042559381	0.8813884320169103	0.34597600740464307	0.6932356208047664	0.8060328222341422	0.7056277686657245	0.034613217827622056	0.24218972235121194	0.4017306957245367	0.8188997232738341	0.40170633478955575	0.6175579920166442	0.20332869711114154	0.32559322464286655	0.463342993925533	0.8880869528022831	0.7744380691766866	0.9493810540935673	0.696561108296318	0.0032486128449599194	0.44024310974098047	0.02332730447255449	0.4717038998668843	0.36170325137113346	0.7756449731964091	0.37759828674169327	0.6151168976872252	0.7354254505293251	0.5921216523872371	0.22344322835522612	0.10785769930552769	0.15725500182137842	0.7747614271697976	0.26576145239220084	0.9613264578974974	0.4407009375949289	0.5363236785583989	0.26683391512994614	0.8427762238264502	0.13906503727093555	0.9141343502686503	0.5417568403480456	0.11042918715753436	0.9590764223778464	0.9226106367152642	0.16586150230393004	0.9985175880958045	0.00643173755529014	0.8412955045674708	0.7749400015261989	0.31298544202794054	0.4463710183101768	0.8441974390332955	0.9323676406466662	0.4787237438514581	0.37698594945573194	0.058119256218881477	0.04057561223315198	0.456073909269776	0.2530236929948084	0.44929879153926733	0.35811759356564055	0.33705723150163314	0.2713817268782136	0.21732559241723992	0.06659492912148612	0.957539381454467	0.6405436162923255	0.05903135670824178	0.5961945205749057	0.31731899315325673	0.2921196499564783	0.017842431736994513	0.7648420767402143	0.7609629076763431	0.7362067047738835	0.22023412882415794	0.6071866388326227	0.3840568563043466	0.30341888826405616	0.0803184398919653	0.25444527760257796	0.0720939368153003	0.9418274228740731	0.6146720996586097	0.6101603858757995	0.09701483657448562	0.35303018782432316	0.408125791400587	0.5196670982878033	0.6155025594909999	0.5375164757459994	0.026878540691814723	0.9236022374654737	0.6758689645250351	0.8611550967107595	0.6876236313193532	0.654153605686409	0.8865425925285114	0.055799568482936324	0.36637266315225325	0.3858138622113283	0.8326671261070149	0.07665010204022582	0.775492105295005	0.5751113756129042	0.47761452812104555	0.2776893294879881	0.43005851953664354	0.08797953959491955	0.18812364371079127	0.13123941685673401	0.42493132465876704	0.7685750427246002	0.38370855094267764	0.7779673906670629	0.2226307733850288	0.5161553619014921
0.7863438652770348	0.5489477361836873	0.04742097043581506	0.6371887898430411	0.05405076179657198	0.1967536111293604	0.5865035484243656	0.7414747132265573	0.297041063693928	0.9834797205387498	0.7131396618834843	0.07549159184218135	0.18189355212160618	0.1377766167855089	0.505771124506849	0.7643545758724303	0.8152220048439357	0.6461913741970984	0.39129257164392206	0.14754884629530618	0.9270263845023685	0.8279264671336133	0.03979779944405648	0.8459946559760178	0.48619471477584375	0.8304780700905617	0.6726593220052235	0.43123998237376626	0.3866784472425817	0.14935963543135955	0.5004570338696251	0.9643021035141591	0.11664363723549265	0.3313026221007329	0.1146759423304593	0.003694635577766836	0.2494761571939862	0.2874534206113336	0.6442670216222465	0.7280375541158958	0.03858818223603988	0.46341259698932014	0.15227749978648064	0.01181712582555905	0.1881398915668414	0.0668113653806438	0.7124227566369075	0.34845416151483954	0.38243026748315445	0.8770066724082508	0.29827279881429014	0.9751546665536039	0.1243061691547499	0.18129469541394172	0.006267033993657467	0.8509647644232908	0.8937724362418379	0.35766058325692673	0.7797521682406579	0.39645703040127733	0.9239788980119693	0.03154381365271941	0.9088094263410857	0.6075754846682283	0.7134673532814224	0.8300956488456358	0.9743482353395159	0.6820609574552852	0.6955147372584819	0.06634745345812987	0.4878180386985228	0.7645980501935603	0.4467401558491836	0.44677808516501627	0.8424541418528091	0.8484433464191498	0.2878270996456219	0.8892452913347658	0.38137865071828336	0.4239996402004814	0.025382200516958053	0.856610607437353	0.5076447015008348	0.9724676642240633	0.35053769652227074	0.6134718470016859	0.9947109785927706	0.986440632641854	0.9410508863391015	0.7589918617544766	0.28251732518095485	0.4250847101897903	0.4376238585655601	0.6514578279387004	0.7245331238320978	0.45730158287075773	0.23381378026997046	0.22479126537591254	0.39658023889913097	0.8470365328145462	0.8442278592515939	0.2615601150114716	0.36376005302882264	0.33441736929513566	0.22310837391576888	0.037041985290545476	0.2455117653248695	0.23162909060860148	0.3745700015041654	0.1511200300439527	0.8373121789266136	0.3566429978357799	0.8292912992270246	0.8730395041759612	0.9624157665651256	0.9855085989268554	0.13586212929956099	0.2669144763136403	0.04188775439432235	0.24010200740476817	0.4994483530957111	0.9785679001390261	0.4504358130938205	0.3020252258191113	0.22267983444558015	0.3889805026700892	0.631402447750653	0.7378942382124659
0.833902067823633	0.3881056927572327	0.2185259952883355	0.475794653637038	0.3808527929263442	0.45721516128925044	0.45925957292834707	0.20759972889123035	0.9592450705843097	0.16429583142232318	0.6587032746350296	0.11185309967697765	0.6845498338892917	0.12817696888837438	0.30021780742645754	0.5605308091357113	0.15799303841127066	0.02634008425685841	0.6200491832218358	0.3813353242772801	0.7284475825434102	0.7646453689640625	0.5194828836527667	0.6266352915225006	0.5149244237212196	0.01614712829478404	0.8255640743614902	0.9697891452644251	0.4457835844504896	0.823152502516173	0.8650125179714165	0.8398153648911709	0.41134189309185387	0.7128473470090254	0.10260713157249479	0.031997204812734825	0.973496490820094	0.08781606189669078	0.16351125740418315	0.6670045373182119	0.9775917182693552	0.785375627319656	0.956894867563694	0.8023981857874594	0.013099162654353735	0.8889613497332451	0.02007934067758166	0.916625451639334	0.8651366047317514	0.9186983252927284	0.8310557192187854	0.7479248709581277	0.325138465341133	0.4744100829606829	0.47073986732933115	0.11481544103327324	0.9835822232082724	0.7415959471451924	0.3881960862032485	0.9069059254056792	0.8710199899217789	0.2244184543433294	0.3783117224937492	0.8263765792296011	0.6651820800670168	0.4390512890496765	0.3727084631009663	0.10869682810325954	0.4352006251026346	0.3125883564825469	0.013322182123542747	0.6975412899731469	0.4682149032726751	0.8038554594159228	0.3815015965513495	0.16236374293397238	0.13887685765093116	0.8827492145094923	0.130684703383113	0.33442253563862856	0.6382566868863608	0.57723705774726	0.7562529500671762	0.6326163736074777	0.2743047549509797	0.9860927538107853	0.8930678196378519	0.5493071782800242	0.8794720633759671	0.5847305935253564	0.4548496691854468	0.5022728129684081	0.6583913919452815	0.22851256226364858	0.20551021291627747	0.48666027765668307	0.13600707936773448	0.3516135890459846	0.8934876875513035	0.42415127833325184	0.9428502032819179	0.11244678840940092	0.45784599405991544	0.4194074355212364	0.8329171363357812	0.8191661819946863	0.9682725383738354	0.7225058601240051	0.9989854366963165	0.6118839246010173	0.6043780099555701	0.49468027497617606	0.36543974190822104	0.3877632796328101	0.7698406814925051	0.9752431194003134	0.20966513873816395	0.5858178210478288	0.04221052406674419	0.9976971793198036	0.3233964676651958	0.2504993035072952	0.5554511874354837	0.4772698116537232	0.3692417574942568	0.8178780088550107	0.924076161625978	0.4970950271526299
0.7934879641292647	0.02922850637638097	0.8895690748784554	0.6071230598667126	0.7476126836874732	0.46935536925686916	0.7726964284641953	0.6757785688422098	0.9431353162637088	0.7060100418543712	0.009206808920735665	0.35771598686907635	0.45239797979642016	0.9857188265911189	0.15699914504714185	0.5009334184258444	0.22587277334388411	0.044059897281802485	0.06679041569340882	0.14639300234027652	0.16694321269052148	0.9572899594677682	0.7297675813172155	0.9254892956003867	0.9618626106953722	0.501180238541208	0.561279206783854	0.4654763623502943	0.28846419242729615	0.38615242404189354	0.7291229023513875	0.8647375812114256	0.5684344799148476	0.3064741992773674	0.9422088419683894	0.19213335287076638	0.16692305779994243	0.9923274901883674	0.6817948495654961	0.877009253975197	0.6209986102145116	0.12542396222616403	0.3106329327281072	0.9599978367070459	0.3740768952268726	0.39780557804447014	0.9453923244011969	0.3536624885590409	0.14083491405322068	0.48538655922371143	0.7496835517850025	0.45986718245537783	0.30036482779912976	0.5259088995781394	0.0682360702923751	0.6845754833266515	0.45913015760898446	0.0402591432885141	0.48719677622903046	0.625372282338983	0.0968098833156924	0.07868844267913555	0.18507460169583445	0.41162998772797144	0.8660178666362615	0.4400239927425217	0.7393981766934212	0.8562428332520957	0.9391973516084828	0.9890340533336781	0.6313190051107925	0.24124309489010243	0.611461389403905	0.11579055362311752	0.6944307085659968	0.4976058624104053	0.1681332929574365	0.25404125284600343	0.46077435445988746	0.36466992384091046	0.5730311260336961	0.09249000860105183	0.46288581904470105	0.3506412061182752	0.5138385255442836	0.18213381154917008	0.7387924783186585	0.698101615345591	0.888447786108865	0.033810392999528704	0.22817966148394442	0.8528163535906294	0.4333270466015241	0.09155468841704562	0.9499280167439635	0.8743438558657239	0.4761010696544492	0.6381360799945348	0.2873699987814844	0.25933472768758736	0.9276573670425442	0.17031991742662755	0.22657798273745855	0.6769750349492865	0.25475449900327096	0.21013707384589575	0.8084858766265424	0.32664794843875	0.8034425018102266	0.17237501076775874	0.7345520961760805	0.03206246848681171	0.5913276011898091	0.9048606427989243	0.41130158215124746	0.6198437805140861	0.2117201287683883	0.5444519151812314	0.10056642430711227	0.20532337920830224	0.5671085986249487	0.19801398634684553	0.23763799741444114	0.9869563340065326	0.15477069299582913	0.8244113483938381	0.11252613993284444	0.8133566721027085
0.7029654406351111	0.09291823218953643	0.9247554463723714	0.3498675407853604	0.6050687167871837	0.3342237161016186	0.9015884613977073	0.7158784449750455	0.1562683566961781	0.9202381279230912	0.32975216816310815	0.21788287593329747	0.09758072574273002	0.10855883135989963	0.19667067064954002	0.40522385705400243	0.5243474369129654	0.001334127842893773	0.4669189425072112	0.5566092707657035	0.23317758345239237	0.7910831947572269	0.8215805295038663	0.4847544990803182	0.5034966665062812	0.974191383340272	0.9290374616566939	0.41081970845169846	0.9072264770461209	0.06732570285991224	0.9152816772123026	0.927047897085156	0.022408569756724894	0.9931277562431979	0.9143684506580253	0.5335532495943662	0.5000312315738648	0.402596608916331	0.04552900665070492	0.18881983350060472	0.36464645959905806	0.027460160632913455	0.8318133202557122	0.1506660950571017	0.7447603777525285	0.7527168580877055	0.42787157361496	0.9466706808430809	0.641768332806662	0.44816699526260284	0.5882724495239703	0.5958113344766335	0.4645761975988342	0.3894656002887208	0.29808775492360373	0.6882102778845063	0.32505852152783143	0.9458106606799629	0.4666554313548573	0.19927249529977709	0.6042692353956728	0.8434511150785254	0.9760810791577175	0.6138505425639158	0.38078784286434975	0.8245642613623905	0.30209924407332267	0.0565442399791134	0.7098612486737859	0.9813012141443643	0.6723646643031905	0.8702881568907233	0.6928701855813655	0.9375468210485706	0.5078188451062688	0.9235666291000143	0.8177819313100483	0.9250562233097153	0.509740033273007	0.15885775153531467	0.12163355057213499	0.7663362303433188	0.5852724071095899	0.10388291914669312	0.08188854074335983	0.23401936379097732	0.10797235455358745	0.7397237017701519	0.36000111383810607	0.1919044709421338	0.6812031163278838	0.8299579559421119	0.2202847554160915	0.9439595516314682	0.5261520610877297	0.03176134069843095	0.913008066949614	0.19159046687613235	0.6372800163694421	0.07191243906046751	0.5803046379392893	0.15482893702728506	0.29543774841937487	0.39605966617290533	0.7029884534287976	0.5766314813396238	0.09193437421080841	0.17372563612116387	0.049346909178828335	0.15376326104331506	0.33629565847128295	0.4001717049128467	0.5220136819267143	0.5170444225503525	0.2783905498443946	0.12938116704775138	0.7605863540960076	0.9528054794172688	0.1334952673759232	0.039343150529866255	0.03263345824372754	0.7986249194284173	0.18819947286686722	0.48444288209722675	0.42059772820131236	0.013001978832681393	0.44264844442267925	0.12379126368819016
0.26806993955439506	0.9887647207237171	0.6034909365504864	0.9068516509928448	0.5782847329147872	0.48855479508205424	0.8820080317566273	0.9718127428317974	0.7619367727391947	0.09116923681082612	0.9379591736856719	0.8915440267257206	0.13603455789372676	0.6639773976010219	0.9945107528583577	0.4523352106306763	0.025165271253803967	0.586510884910929	0.9517500214369331	0.7017508833805753	0.8464824308702885	0.40364420005844137	0.25944750018595386	0.223633842227825	0.10313324240094679	0.4816221984658168	0.7891039575818952	0.04605630600652533	0.8074364330312729	0.02497637526416252	0.4477203473417555	0.005173260669879776	0.7995260771513116	0.5122686008207057	0.4055513936735011	0.34660206501158164	0.8261695766184105	0.8365501227518656	0.010508317404322454	0.8813172113252787	0.5468100058347212	0.025351230612158382	0.5175550950620545	0.004183008619957795	0.9668662770844885	0.42712420480970725	0.9124718209932285	0.6210115450923602	0.3821759069436702	0.8381747133170133	0.48715300661894656	0.4000031218236677	0.18731573536952661	0.9595647274686007	0.8865056616598167	0.22945556045865279	0.8654324828245866	0.4094967091502255	0.6845986604573469	0.2519675412229957	0.5428860621641538	0.690917844128181	0.1766752884103021	0.6545416071222477	0.7063765602514437	0.9440491874864793	0.40089337765231137	0.42842242414159015	0.6325261785560601	0.28824350301171753	0.09750303271525274	0.555344771372654	0.7028320076174456	0.19806227428397616	0.5533025433124239	0.042223535789156386	0.2547938219596442	0.37236517597154306	0.6878591471853397	0.17501400725701344	0.03026745747361259	0.7048262268556761	0.15045227279750728	0.20234490028754537	0.23868862855894513	0.16223131897278398	0.0054075754892045635	0.3700788009456025	0.38801891652933873	0.44283246900237816	0.12382054394763686	0.8240146231371013	0.10849315332544962	0.3456720080873581	0.088576736746107	0.5474708870477248	0.09504148718876493	0.09377131929208737	0.1347097255561288	0.027947031750064744	0.6882076493594667	0.14208072464204957	0.7593034352344975	0.032208705093172085	0.3968786525212623	0.4036121684603504	0.9493297009646194	0.4994481515168855	0.14510964579104935	0.5372201022370031	0.958201644815663	0.10720345294458578	0.7330552268873493	0.4255089708143188	0.16254305290861315	0.854547957227175	0.5924352611679671	0.1539497021553512	0.5033667922406149	0.15759653152664865	0.34891187334634544	0.20815260139405667	0.7840840852059815	0.7507403848236077	0.20327735003998226	0.34202698323057557	0.44675933178751104	0.924230986639717
0.5599904922861325	0.04491756507180045	0.4538740075857901	0.5752455702915641	0.9872462781686941	0.9706579154932224	0.09646400656937604	0.8438120914411461	0.6636525917740269	0.6294121377873022	0.8095503627556714	0.8076491169168324	0.7208337116235239	0.3773024056922073	0.10718346668806711	0.21974922976624867	0.3890294499689303	0.4786480487996252	0.954426503424875	0.03423201400125153	0.7232099590711806	0.2913828542508856	0.7007750810221787	0.3868503031540653	0.527396533916265	0.7494387556164346	0.9024474445288354	0.04969700511633468	0.2174206782923408	0.4420577809673043	0.31607085309614136	0.35506306088605166	0.4599187345274236	0.0691519246243466	0.011383731201510261	0.6316721564775732	0.053556387114974346	0.5075255762960683	0.555113692572066	0.08353582504186974	0.6585606193601051	0.06433960134702077	0.5532138160348827	0.5094082009054639	0.6232994729002675	0.09979522924471884	0.2629604388023816	0.39899354286648625	0.6538657842154664	0.9091681245071986	0.4014823334242308	0.8389555875998723	0.6514599583301947	0.8567818530848698	0.21144758694565513	0.7560103377943936	0.7647983794955392	0.3396191799901642	0.8415026432287591	0.9312322062145496	0.02292782394213011	0.28040973151237747	0.9629480867216087	0.7374176202039711	0.9851551875225983	0.04454581792321444	0.525440899333989	0.6910948820395412	0.8533653685542152	0.1011416247887218	0.44037015131094515	0.6104770392039293	0.09094310948215434	0.9233655036199305	0.4145573062270934	0.8134896609437042	0.23581020908690853	0.7306820543018017	0.009104473928449708	0.6810469195282379	0.8312163368445774	0.7053072006275862	0.2763287526594511	0.7541294353206173	0.5022765422547828	0.04142509686259055	0.7832821386358858	0.9152937306299722	0.8686367874121711	0.654673781899902	0.4452434254026675	0.4479159323956452	0.7151306605388704	0.11321657476429636	0.4087716823319366	0.8403230621686901	0.46370228157930915	0.7764686471281913	0.9146292359701831	0.05424303730037561	0.607781515370102	0.006412620335985109	0.7115345660834587	0.41850546774240305	0.2093376055999775	0.396915977313256	0.7547843187718772	0.11774160033966075	0.9489690827014726	0.03703713848822865	0.15250262591718144	0.6734578508620762	0.5903184882616439	0.45116760542661727	0.6404906024986406	0.2347916452448553	0.8478208496719974	0.15087173557841826	0.24535383940809785	0.2492404423069079	0.047667512506732956	0.3850608516808607	0.7766598710794118	0.5172534826028757	0.8724095958491139	0.36045101211626407	0.06879645127072398	0.10465419614222238
0.7809473165313329	0.8918583537362489	0.8956521749770748	0.31997925395188864	0.5618396689209335	0.3178408495331688	0.5165958060767532	0.35276614740735845	0.7709996113311893	0.5101093803713658	0.6679015205138235	0.2192417654051364	0.6498988566536154	0.5814462949635277	0.20783977350076643	0.2001588183235098	0.08135711144641622	0.3311446297990758	0.7932499533610425	0.08059807625585336	0.32936306388436154	0.7280506730268637	0.5246748413831305	0.6268137781747943	0.5448915126870149	0.8015832140698631	0.1142040237755011	0.5853496086697986	0.6718755992271335	0.5047376739276651	0.13667459625951872	0.3200154191907295	0.9296040097612316	0.7524718011454179	0.31147591735964764	0.917690512704613	0.1831502446588824	0.5725711584610768	0.9093871295087825	0.0008057977353743695	0.9004045276120327	0.5892935990889473	0.57327896510408	0.6650288419294749	0.2692714463743021	0.8775318240849426	0.6152465500373174	0.7536049895765551	0.14136456538001108	0.1518230277015027	0.5538252951595473	0.3715452821496207	0.5806709852226952	0.9468710295105315	0.08878619325997028	0.9982183533566944	0.728115729177593	0.867826461404932	0.313794886326933	0.09801858418556741	0.9886775075709481	0.15556807168172537	0.13071178916535875	0.6140423781055512	0.918249913696551	0.3330208094468212	0.25928332065046067	0.4921283370029509	0.526542562292027	0.01429064483445397	0.08791377379821408	0.8783453962852698	0.8988264119596455	0.835353362466065	0.12554162227111632	0.676699556556625	0.33799406998375137	0.19752399255803887	0.48354683655899156	0.7481049033075428	0.6506821257158749	0.4758176268031691	0.77193998027186	0.6059415241358999	0.2413779535863938	0.05322519499536371	0.03896432016880702	0.8514490666754072	0.6721685293643755	0.1906157579895731	0.5434572128521805	0.15476552071289984	0.8921140468328257	0.11800269507942296	0.4153655348167401	0.038050142199059556	0.0621071610851045	0.8697229623609087	0.28569296700699576	0.8904946603211082	0.8751654582583468	0.321728960756802	0.6792380837442366	0.640170533445272	0.1697807989135014	0.4644396041592116	0.49050519560401984	0.30582327365205775	0.6538678745962393	0.6115139871895761	0.4882775254662741	0.5627878658807343	0.18712672965013422	0.9792277136274502	0.04740803394111892	0.7414881868257837	0.2938247972353506	0.6060764704293194	0.09141305808916544	0.2744931828505799	0.536711636641134	0.4905255696090678	0.30654683766589563	0.647459775693266	0.26544336344254316	0.2193631357667667	0.43803607829430435	0.4273879066532099
0.4759409857058273	0.4715204718920821	0.2598096508157568	0.5437427651484905	0.9390787064053475	0.7276638602266186	0.0016990595404777764	0.9097069299375388	0.4719701960831876	0.20460442714404592	0.6287148000780963	0.4333914533903379	0.2795318371573865	0.791153069009877	0.8691300191239909	0.7565419695455656	0.4961848898521214	0.864516679886446	0.5922530345506075	0.9686274406901096	0.7738558442454728	0.18701176464419422	0.44768324553621197	0.830130011183836	0.8221880319557754	0.9939864008208511	0.3979418130642465	0.6628827979837224	0.9406410322849038	0.5376847808481214	0.5313034745426715	0.5856750721876902	0.3288750464129855	0.4331234709631687	0.24208419898887024	0.16593782283856462	0.4713044109275223	0.9075647623470406	0.22582533079022327	0.5795306570615774	0.8591194734720181	0.7505657280591204	0.5585050562647895	0.3611983951291514	0.9995134212829476	0.9910360203434652	0.40413425909153433	0.14122492842304502	0.06042926963895301	0.5255447938969002	0.6682962294458942	0.5935267593036738	0.4928166939924816	0.7870687307835562	0.8983036979858784	0.18019471223345018	0.2783560293853	0.4812932930240481	0.6846263990753043	0.0022733341088609915	0.43420670759919955	0.708241197417503	0.10281156076795328	0.9800993862325966	0.7765918593957811	0.49014893597726783	0.5311819689585507	0.9040549884618428	0.6196733027421604	0.7976191129813514	0.32577048479432624	0.6316683468038929	0.13883036970464113	0.6094979162476953	0.019019978189567688	0.7913574355480613	0.018052379090599868	0.6639839206247367	0.8998927665225396	0.23242817045831654	0.75128616785003	0.2966486853937299	0.14594925903074318	0.4724694267962931	0.38353931169526745	0.2760522549584976	0.681311446707106	0.562239004657957	0.47291402414489103	0.14403371676319499	0.48119664349952485	0.8969846938099831	0.8815008538560913	0.8626002163853886	0.7840498480939131	0.6345022563191597	0.3514164787637819	0.33694001371780946	0.7369404743958853	0.8310202233439616	0.7848333657688188	0.907680584000976	0.9102791764008192	0.3941286337811858	0.6575883343128607	0.1935352634816192	0.6505363430228733	0.9092939477475583	0.12370359677744436	0.10592269932313747	0.597397032579373	0.40008221963732904	0.0071878621493469685	0.14802727637560886	0.33768842062535276	0.8826957707582986	0.3695277344198171	0.6143952189270023	0.6608713480482975	0.4740705605112444	0.7996243448653639	0.6938191764556086	0.09331835102602437	0.12551096322520372	0.8985771128787149	0.19623059478466043	0.9659359467666271	0.7238079773884675
